{
  "seed": 42,
  "time_step": 12,
  "models": {
    "random_forest": {
      "mae": 0.0806745593601031,
      "rmse": 0.11322118107731693,
      "mape_pct": 37.418326326916855,
      "r2": 0.673154451278771
    },
    "xgboost": {
      "mae": 0.08636814351680118,
      "rmse": 0.11878341840708914,
      "mape_pct": 38.825758425859796,
      "r2": 0.6402516160136259
    }
  }
}