#{"t_start": 1780163486.0388856, "env_id": "None"}
r,l,t
-1073.28,200,6.594427
-1117.52,150,6.978646
-1368.0,200,7.59824
-474.543907,165,7.995804
237.595172,30,8.044255
329.49,5,8.044255
-107.413265,103,8.221656
302.56,12,8.246076
-1086.2,200,8.662184
-1092.92,200,9.095017
-1088.48,200,9.557013
-1540.84,200,9.870888
-1933.36,200,10.278033
-1787.32,200,12.026845
80.681538,26,12.084592
-1464.72,200,12.438047
-1432.04,200,12.82374
-1306.04,200,13.203758
-314.391429,94,13.356819
-1255.2,200,13.601997
303.57,5,13.60909
-1244.28,200,13.82783
245.659565,23,13.854409
-1466.16,200,14.103677
-1616.76,200,14.354621
-1217.96,200,14.607788
-1107.08,200,14.921381
-686.036259,164,16.356783
-1212.64,200,16.672077
195.993684,40,16.738337
-1046.2,200,17.134537
-1159.4,200,17.489269
-1070.6,200,17.771691
-896.375082,192,18.139567
-2115.8,200,18.455046
320.372857,7,18.471639
-1807.92,200,18.771755
-1817.88,200,19.104395
-19.864783,69,19.186713
-1132.0,200,19.470622
-1045.2,200,21.296527
-1419.92,200,21.515091
-1021.84,200,21.752517
-949.92,200,22.097867
-1145.96,200,22.399526
-1710.92,200,22.739347
226.12,32,22.783867
-165.77,63,22.877266
-1149.32,200,23.231745
183.411176,27,23.279095
-1556.28,200,23.653507
-1189.16,200,24.060575
-960.84,200,26.291705
122.05,39,26.355835
-1084.56,200,26.725121
-1281.84,200,27.1323
39.31,78,27.330891
351.66,2,27.337011
-1780.92,200,27.773597
-1163.8,200,28.195096
-17.990465,59,28.339122
-1551.4,200,28.747057
-1318.04,200,29.072947
-646.172653,154,29.342459
-1447.44,200,29.624897
153.070909,58,29.684927
-1430.56,200,29.942872
-324.858462,144,31.585918
-283.879244,127,31.753076
-85.12,104,31.987459
46.884286,41,32.037347
-1279.88,200,32.337959
31.54,70,32.426373
-1099.64,200,32.702649
-595.772338,161,32.936831
-364.005263,173,33.186282
-1354.84,200,33.449232
-1066.16,200,33.639936
-1152.48,200,33.844229
137.481765,51,33.918852
195.337692,27,33.952299
152.226364,45,34.034538
-1138.88,200,35.537381
51.27551,54,35.607362
253.072105,19,35.621293
92.715,57,35.7048
-1041.64,200,35.936346
-1002.52,200,36.13508
-1511.6,200,36.403254
-1846.12,200,36.676178
25.025068,87,36.852735
-1035.56,200,37.119313
-1294.4,200,37.356075
-1124.32,200,37.556556
-172.121379,60,37.634304
164.19,41,37.676694
18.829518,91,37.778337
241.579565,23,37.816763
76.988983,65,37.902893
-1107.2,200,39.662284
-328.298824,104,39.839515
263.905714,26,39.89386
171.79,27,39.939511
92.28,48,39.994275
-1010.6,200,40.350773
-1177.32,200,40.764883
-1238.48,200,41.098181
-119.039438,93,41.226408
248.74,6,41.229228
331.15,7,41.229228
-57.519178,82,41.34359
-1051.32,200,41.728556
-1261.64,200,42.027093
-26.545714,114,42.262224
210.59,43,42.309278
-390.627832,150,42.683888
-8.077419,100,42.852274
119.925102,53,42.908749
169.52,41,42.97415
-1159.96,200,44.575607
80.276087,73,44.657928
-123.658462,88,44.761725
262.82,26,44.790564
249.392069,29,44.825251
-1863.32,200,45.068292
185.36,36,45.106833
-1029.6,200,45.324237
-804.53338,143,45.514558
17.802857,94,45.6252
-1172.08,200,45.996377
-31.93,99,46.190901
-285.865652,147,46.57443
85.040769,77,46.80092
-1238.36,200,47.407697
-256.246471,121,47.679958
-1256.0,200,50.264856
-1003.36,200,50.695975
146.163171,41,50.776698
-1233.04,200,51.271294
325.31,9,51.29693
-1372.0,200,51.788406
-158.722632,133,52.104263
224.46,26,52.199746
-66.990909,126,52.515268
-30.824737,59,52.632659
-1388.64,200,52.91683
-399.966331,160,53.200194
-1151.64,200,53.670896
-52.648571,42,53.733892
-172.46,114,53.933051
-1704.92,200,54.330386
324.06,10,54.357057
-594.95,197,56.05031
-1052.2,200,56.312556
351.66,2,56.312556
-1229.08,200,56.592372
257.26,36,56.651725
243.78,30,56.705909
223.368065,35,56.768
-1352.2,200,57.139813
-1461.48,200,57.530764
101.22,40,57.768237
-1119.48,200,58.273905
-268.003488,135,58.563341
-1140.0,200,58.947975
-1265.56,200,59.397507
-1071.64,200,59.836277
-1158.8,200,62.162187
220.35,35,62.243247
280.277692,13,62.28549
206.793333,38,62.36324
327.06,8,62.377064
-1432.24,200,62.770026
-1015.44,200,63.20282
351.66,2,63.209856
-1083.16,200,63.575826
-1252.64,200,64.016496
-1321.24,200,64.338303
-145.66,118,64.571514
121.273636,55,64.672513
-42.462979,60,64.771674
201.288621,53,64.911249
229.080811,43,64.965866
279.9,10,64.972273
66.63,87,65.112653
214.19,38,65.209468
45.453043,70,65.345728
292.71,15,65.373662
-1089.6,200,65.840626
240.68,39,65.92955
211.94,30,66.00875
-1698.64,200,68.684973
278.655714,21,68.734456
-267.92932,144,69.104505
-36.324694,49,69.239336
268.08,36,69.344756
-1283.72,200,69.83569
312.633636,23,69.902349
-1185.56,200,70.385531
-1442.64,200,70.910868
-186.165714,128,71.150201
222.392105,23,71.178925
278.81,9,71.194189
311.91,3,71.197877
-1547.76,200,71.628001
-38.49566,109,71.918896
-1568.96,200,72.436035
-1542.08,200,72.84724
-265.922727,135,75.801295
14.973962,58,75.981714
206.245517,40,76.11731
351.66,2,76.119315
-1599.4,200,76.707012
-1215.0,200,77.525376
-1315.6,200,78.332037
272.54,18,78.422744
194.963514,37,78.59007
154.572609,23,78.657439
358.32,4,78.665672
-46.151395,43,78.80076
188.07913,46,78.954718
-139.722857,88,79.262801
351.66,2,79.270998
-290.019091,125,79.70313
-1289.0,200,80.401733
351.66,2,80.41028
260.864783,23,80.476023
-1304.32,200,81.125007
-86.262766,127,81.575429
-17.02,82,81.910138
7.351429,81,82.193725
179.538621,46,82.345617
-683.837838,192,85.714083
-1363.36,200,86.157041
-1182.36,200,86.500981
206.398571,21,86.518739
338.085,16,86.563255
-72.074615,71,86.810793
289.1,34,86.882855
1.765172,71,87.070598
-1035.28,200,87.559293
213.515294,52,87.953381
217.8,28,88.033242
202.494516,31,88.100192
217.93,37,88.200407
87.851429,52,88.306077
345.56,9,88.321972
168.275581,43,88.416884
-1456.28,200,88.727349
313.082632,19,88.757956
218.61,33,88.803689
95.325652,23,88.840234
361.65,5,88.85126
272.98,8,88.858276
340.22,18,88.886684
328.54,18,88.93346
233.045294,17,88.955126
201.49,44,89.019974
273.285714,36,89.092017
196.142069,32,89.143827
-1124.76,200,89.591693
289.368947,19,89.633606
143.384286,35,89.707601
221.575517,29,89.747318
-2029.52,200,90.064574
-1170.0,200,91.879792
-841.608276,116,92.121526
324.200769,13,92.152239
-114.85,99,92.352966
-1227.56,200,92.844139
-1090.56,200,93.245717
-213.688462,65,93.395045
284.945294,23,93.45044
-672.995,110,93.674831
-1104.84,200,94.065852
213.5,42,94.155328
223.050526,40,94.295614
-1010.32,200,94.892335
-7.028182,75,95.111692
-430.43,161,95.472478
341.69,21,95.513665
229.917143,14,95.545908
-1051.28,200,95.842668
326.83,27,95.860556
322.39,15,95.895661
308.97,9,95.916708
-1166.36,200,98.086247
182.35,39,98.156612
185.687674,43,98.223735
-127.62,97,98.373288
-67.86,66,98.494052
-101.471429,106,98.675939
231.648571,18,98.719844
-670.130382,157,99.022044
133.208049,41,99.088887
320.229412,18,99.122731
217.232105,19,99.165024
259.526667,30,99.212054
219.76,44,99.32375
81.851081,37,99.388988
330.363846,13,99.402131
-943.16,200,99.671959
376.94,18,99.721691
285.96,18,99.774124
273.388696,26,99.803933
11.365455,70,99.916529
184.516809,47,99.958899
-1565.36,200,100.180557
269.045294,17,100.205157
197.0,53,100.244406
217.405263,34,100.308485
-1288.72,200,100.625489
331.96,14,100.641255
338.22,10,100.653055
328.14,10,100.657368
336.9,6,100.673167
-1149.72,200,100.957875
361.65,5,100.970994
194.79,15,100.990699
-1273.52,200,102.894314
-1006.027528,191,103.410707
176.75,40,103.506963
287.871739,23,103.571345
137.975517,29,103.674767
-995.693907,162,104.195698
161.678966,29,104.290022
-1086.44,200,104.910066
-158.670345,104,105.466117
193.251429,40,105.574043
-1230.48,200,106.184402
219.335294,34,106.292409
335.606364,13,106.327126
-7.224615,100,106.61297
-2374.92,200,107.08347
193.025789,19,107.133415
-179.012308,96,107.463374
167.11,27,107.535995
217.94,36,107.640183
364.98,6,107.658124
-1070.4,200,108.282469
158.442308,51,108.50819
207.89,45,108.656235
257.693333,28,111.677002
-1132.88,200,112.20098
222.397742,31,112.286343
279.89,25,112.336419
-2152.16,200,112.876348
122.985714,46,112.996486
319.185789,19,113.060482
198.776667,27,113.215784
255.872105,19,113.268057
56.61,25,113.330424
67.452609,111,113.595965
207.398571,49,113.735097
-791.151188,117,114.048172
-1031.642389,117,114.438776
301.88,16,114.482391
275.941429,21,114.530263
296.638696,23,114.563904
316.3,10,114.580822
-1529.08,200,114.892311
312.355714,7,114.908419
203.8775,36,114.956254
123.632069,29,115.000567
-904.24,200,115.494259
51.725,94,115.843945
4.335385,88,116.158663
261.864615,20,116.223361
-14.313333,106,116.466673
-1197.28,200,117.05194
348.33,1,117.058733
185.278182,34,119.637571
243.81,25,119.684196
316.435714,7,119.69513
127.59,67,119.797057
59.612558,62,119.885448
-1753.52,200,120.526128
-32.827317,100,120.749743
248.3,34,120.844379
359.012857,15,120.876314
227.965,61,121.014306
312.66,4,121.021948
0.035172,114,121.297539
272.98,8,121.347389
155.695882,59,121.570657
331.425789,19,121.607175
384.96,12,121.642839
-1631.48,200,122.179181
243.907143,29,122.25142
247.35,51,122.359757
111.7,38,122.438387
321.791739,23,122.538541
-1223.04,200,123.083601
174.173636,57,123.231911
348.33,1,123.236205
354.99,3,123.236205
354.99,3,123.24812
345.162632,19,123.298613
260.683333,31,123.388151
205.491429,56,123.582518
300.54,18,123.635798
-1236.72,200,124.317209
-1589.04,200,124.992011
-16.473529,51,125.148653
192.2625,32,125.25631
360.368182,11,125.291762
104.923077,56,127.354464
351.89,9,127.383357
112.866154,26,127.4617
253.605294,17,127.4927
292.354615,13,127.529004
-1368.56,200,127.941393
299.8,12,127.9715
332.292857,7,127.98841
-336.808966,124,128.216423
346.452857,7,128.226834
-983.72,200,128.686196
321.745714,14,128.716115
329.026364,11,128.742485
320.07,11,128.767602
-400.375385,124,129.076764
262.14,20,129.12644
311.97,9,129.145901
-1188.88,200,129.498626
342.3,10,129.517625
345.198182,22,129.635534
-38.528824,81,129.847478
-1091.52,200,130.436681
368.31,7,130.457569
-96.087647,91,130.787114
143.251429,72,131.069366
-1148.32,200,131.818113
-203.558824,66,132.112519
-1693.52,200,132.732304
202.598235,45,132.906995
275.4,38,136.456616
127.26,50,136.691371
228.93,35,136.822124
352.944783,23,136.895721
-1442.52,200,137.456853
-206.481791,120,138.128881
365.111429,18,138.210159
156.698065,40,138.347399
91.071818,69,138.588541
38.523684,81,138.858921
-75.754898,125,139.309843
257.604615,26,139.394882
280.73,8,139.422642
180.8,52,139.558422
-240.871176,138,139.901871
317.23,7,139.915763
173.61,21,139.987923
78.33,63,140.238098
297.528947,19,140.320799
262.824286,31,140.401193
-18.153636,91,140.650522
244.414516,31,140.719415
234.37,41,140.821653
-961.8,200,141.455906
273.695294,26,141.533336
-1142.48,200,141.986208
-57.6375,96,142.141632
256.38,18,142.17339
313.71,15,142.191113
340.622857,8,142.211382
-485.091351,86,142.413782
293.82,10,142.441088
225.819412,17,142.501571
154.781818,44,142.718823
165.565652,23,145.069205
-2135.76,200,145.675864
166.808621,29,145.717489
282.041739,24,145.759878
285.295,34,145.812126
53.846923,109,146.140887
327.06,8,146.166479
348.33,1,146.168477
364.7,18,146.285897
302.994545,22,146.35253
264.558696,23,146.411605
342.98,6,146.429257
-987.12,200,146.874152
269.789231,26,146.920313
-836.44,200,147.552338
363.23,7,147.576355
335.46,12,147.611852
259.89,25,147.679058
186.21,36,147.748987
104.410769,26,147.813295
332.7,20,147.863076
262.325,16,147.908087
-333.647959,57,148.063501
-2086.04,200,148.648347
319.245,28,148.732111
106.163171,41,148.830412
303.29,33,148.918383
321.745714,14,148.947255
337.23,8,148.958494
125.41,25,148.998461
312.65,5,149.004766
-1191.04,200,149.49713
-1119.08,200,149.894849
296.02,20,149.936411
-780.054175,150,150.284074
348.725455,22,151.935061
-1186.08,200,152.402966
267.39,15,152.443614
304.285862,29,152.522269
255.332727,22,152.573049
-1006.24,200,153.01195
-617.591176,194,153.588369
-2215.64,200,154.186145
216.1,24,154.253758
-886.6,200,154.779604
260.763333,27,154.8506
332.89,9,154.868645
301.65,9,154.901925
229.370968,58,155.018415
296.490769,26,155.077152
244.405455,22,155.136945
332.183529,24,155.208535
308.71931,30,155.371626
259.288947,27,155.452269
261.711739,23,155.516986
-384.01932,103,155.897002
59.684407,90,156.109432
269.416364,22,156.148327
351.89,9,156.161788
243.14,8,156.173147
313.736364,22,156.211815
266.91,49,156.301171
371.64,8,156.315458
207.122174,63,156.587515
347.627143,21,156.650676
257.71,30,156.745602
301.185789,19,156.805598
253.03,24,156.861583
-1469.76,200,157.282591
115.253684,38,159.438523
-363.262857,108,159.654991
-1497.8,200,160.150929
220.46,18,160.200213
268.05,16,160.257704
315.542308,29,160.335321
-270.626923,165,160.652396
328.86,18,160.707866
275.618947,20,160.741867
304.63,19,160.801167
317.5,30,160.881468
-1576.24,200,161.405276
-859.04,200,162.002908
322.645455,22,162.075329
-784.16,200,162.513561
79.887273,76,162.867254
212.19,34,162.964169
360.3,10,162.995637
-2781.92,200,163.396507
71.709231,42,163.491979
-724.52,200,164.003282
224.41,53,164.125647
315.693529,23,164.173481
104.41,82,164.349893
313.73,9,164.379763
333.094286,14,164.430701
93.11,35,164.543357
97.79,75,167.888688
127.683514,37,167.980792
347.656364,22,168.041258
-1418.56,200,168.89451
313.026364,11,168.958447
304.82,4,168.980007
29.646667,110,169.427629
328.567647,17,169.557231
-37.287143,73,170.396054
330.57,5,170.426069
289.65,9,170.47987
268.659474,19,170.57655
358.32,4,170.603789
123.65,45,170.809313
351.09,25,170.951473
347.266364,11,171.044081
263.507273,26,171.158536
369.62,14,171.223947
229.853333,28,171.30827
196.601429,39,171.424181
289.97,9,171.454205
297.854545,12,171.504162
322.280769,13,171.554152
-719.28,200,172.500506
-819.68,200,173.360444
-945.2,200,174.036405
239.95,15,174.100822
-1282.56,200,174.921885
237.86,20,174.987142
-801.334247,160,175.516663
-813.44,200,176.284461
-1301.36,200,180.481491
-1084.6,200,181.246358
344.702857,8,181.328813
-1394.16,200,181.986357
297.849412,44,182.11064
248.71931,30,182.187641
-1413.32,200,182.988724
340.520769,13,183.026169
290.443846,13,183.06328
254.888696,40,183.205526
-39.12913,69,183.459375
11.694286,94,183.982555
50.412609,23,184.050935
55.159474,37,184.156049
-747.88,200,184.565338
310.292857,7,184.570518
-850.84,200,185.217838
81.654754,90,185.453725
307.96,12,185.496072
336.32,4,185.505944
221.881818,22,185.556107
324.3,18,185.579126
234.972609,23,185.615445
247.495263,19,185.636132
344.39,12,185.662923
311.106364,11,185.692158
260.742727,11,185.724946
337.23,8,185.754347
273.527692,26,185.827178
302.87,19,185.91007
347.31,8,185.95286
-1189.0,200,186.555418
304.844545,15,186.629773
358.727647,17,186.696712
-1875.96,200,189.085463
273.363333,27,189.132705
313.36,28,189.187841
327.54,16,189.225917
-330.833478,73,189.376611
354.99,3,189.38459
244.59,40,189.69193
302.120769,13,189.743552
-736.68,200,190.24074
304.82,4,190.244753
-1293.28,200,190.568109
222.193529,17,190.651219
-37.684828,62,190.835577
287.2,20,190.877956
-797.935217,93,191.035996
290.2,24,191.083891
195.841429,35,191.12464
345.655,21,191.150054
172.06,26,191.197487
-745.2,200,191.88778
-1275.04,200,192.287916
-1217.12,200,192.699589
350.79,15,192.745429
339.65,5,192.760406
123.135946,39,192.836201
361.65,5,192.856047
-17.444545,45,192.970461
151.384286,35,193.031696
294.5,30,193.113423
325.31,8,193.14967
173.606154,68,193.346304
209.382353,34,193.456876
206.334516,31,193.537316
351.572632,20,193.581825
340.98,6,193.599172
337.86,22,195.566276
285.365294,17,195.599359
146.5,78,195.693626
58.746596,87,195.867258
346.452857,7,195.877492
201.65,17,195.92977
300.97,21,195.982215
313.79,15,196.011932
26.36129,136,196.34661
271.613333,28,196.416672
307.39,8,196.42743
-1245.92,200,196.7165
274.533846,30,196.769112
-1344.2,200,197.051015
304.698182,20,197.075631
-1100.92,200,197.376998
318.490769,26,197.440075
330.97,9,197.461185
350.533158,19,197.516882
-1737.28,200,198.029052
184.475,32,198.092291
193.55,39,198.170802
334.204286,33,198.255547
252.048696,28,198.317209
-983.16,200,198.730077
334.57,5,198.750107
314.786923,31,198.810334
296.78,18,198.846156
280.46,12,198.86189
192.46,24,198.895697
347.627143,21,198.944679
-1153.04,200,199.410998
-1213.12,200,201.864771
121.163636,76,202.042587
309.729412,24,202.108202
308.67,37,202.20546
369.62,14,202.232446
-1627.6,200,202.74333
362.937826,27,202.827446
346.46,12,202.867963
289.19,21,202.932373
302.452857,7,202.952376
358.32,4,202.961441
316.570769,26,203.036415
361.65,5,203.053249
321.095714,9,203.069883
-1520.84,200,203.491887
-1285.0,200,203.939789
-1135.28,200,204.407686
223.97,45,204.512515
226.206923,13,204.542802
304.78,18,204.605803
-26.728571,82,204.822752
311.46,16,204.869107
-1288.28,200,205.321893
321.186364,11,205.351775
154.273529,17,205.403222
241.48,25,205.468454
317.844545,11,205.496427
281.266364,11,205.521997
342.95,16,205.557642
-769.92,200,206.000195
376.191429,14,206.038261
383.655,16,206.074624
245.68,44,206.155076
-1465.04,200,212.087346
374.97,9,212.107486
354.99,3,212.115299
-729.4,200,212.614531
379.95,15,212.634895
170.203333,43,212.693639
-1379.4,200,213.050706
243.897742,53,213.142565
-2493.8,200,213.559967
5.85,90,213.782658
346.31,7,213.800812
-1161.28,200,214.525296
318.341429,21,214.565643
285.65,25,214.61231
264.899474,19,214.644536
385.565882,18,214.685265
346.46,12,214.709707
102.326364,55,214.818365
292.14,10,214.834393
364.98,6,214.84907
225.21,37,214.936637
313.15,35,215.023333
220.747143,25,215.083475
42.825714,62,215.226585
266.1,24,215.334547
361.65,5,215.35053
-2141.92,200,215.836635
302.084545,27,215.930874
350.111429,14,215.981954
-1409.76,200,216.776734
332.292857,7,216.799554
12.515263,57,217.015475
304.82,4,217.040184
199.37,61,217.247914
332.9,6,217.270029
-746.88,200,220.470053
350.366923,13,220.506348
-136.123418,83,220.718761
354.99,3,220.722787
-1677.6,200,221.507006
-1329.68,200,221.977018
18.414286,28,222.032803
248.957143,34,222.111063
351.66,2,222.11508
59.943333,53,222.226868
320.448182,11,222.259517
344.29,13,222.28989
357.98,10,222.304981
276.197692,13,222.331091
351.66,2,222.337231
286.102857,36,222.524612
330.87,15,222.553393
190.875946,37,222.651752
-126.521429,113,222.865918
346.31,7,222.888183
324.3,10,222.914198
183.53,24,222.984288
315.8,12,223.018203
300.989412,22,223.084065
-713.68,200,223.675379
345.334286,14,223.739077
324.452857,7,223.765251
-1367.52,200,224.340037
223.443529,38,224.434084
286.04,30,224.515725
331.14,8,224.551929
295.55,15,224.600699
98.212857,57,224.786173
361.65,5,224.806276
351.66,2,224.81778
90.038049,60,225.000271
345.334286,14,225.039579
316.07,31,225.120097
229.265789,19,225.173177
-1700.24,200,225.719013
-698.36,200,228.298603
247.79,15,228.33993
-1712.96,200,228.948773
128.245652,51,229.124131
-401.892308,176,229.69796
381.63,11,229.731728
344.83,3,229.735743
351.66,2,229.7395
388.29,13,229.766703
-657.64,200,230.281045
-734.44,200,230.82253
342.3,10,230.85117
343.41,31,230.940723
359.63,11,230.965907
-152.14,54,231.084357
342.95,19,231.13764
359.63,11,231.165173
-355.45,75,231.41506
351.66,2,231.424305
201.566154,52,231.597771
331.71,15,231.631756
-1504.24,200,232.259001
280.98,15,232.29431
267.698182,16,232.339657
332.45,25,232.394034
329.39,8,232.40976
193.28,36,232.528814
291.365294,17,232.58196
347.266364,11,232.618011
190.382727,27,232.696984
-787.32,200,233.25116
183.62,30,233.315759
326.616923,14,233.349978
351.66,2,233.360311
289.97,9,233.385668
354.191429,14,233.426789
327.64,8,233.44403
173.11,24,233.506086
295.402727,21,233.557031
323.939231,33,233.647738
292.369231,28,235.93066
354.22,10,235.957875
334.977647,18,236.000321
273.72,12,236.023908
391.62,14,236.055867
310.3,12,236.091635
312.3,10,236.122404
316.368182,11,236.154287
192.961818,66,236.481636
364.98,6,236.502066
364.98,6,236.544109
-856.68,200,237.047862
349.822632,21,237.104079
376.45,17,237.140626
-809.48,200,237.661001
320.448182,11,237.699239
-224.042857,154,238.357009
368.31,7,238.386036
-684.56,200,238.953598
-621.56,200,239.471247
315.99,3,239.479281
305.64,8,239.512887
312.3,10,239.545979
340.98,6,239.575562
44.915455,33,239.689109
358.32,4,239.697771
340.78,18,239.740715
-1249.52,200,240.28518
357.95,15,240.312718
286.157143,14,240.354567
358.55,11,240.381144
-1285.2,200,240.988141
-948.0,200,241.424262
-590.76,200,243.5689
-1189.28,200,243.92861
318.98,6,243.944847
311.58,22,243.996444
187.018065,64,244.082232
362.937826,27,244.118948
-610.92,200,244.660191
-1982.32,200,245.31961
312.9,6,245.334044
-1218.76,200,245.963821
363.78,19,246.017996
332.292857,7,246.044697
-886.96,200,246.511191
286.56,12,246.543837
-1403.52,200,247.288052
320.38,12,247.326528
-1444.6,200,248.07967
-1160.64,200,248.536886
348.85,25,248.57663
354.191429,14,248.611382
304.360769,13,248.646569
371.1,20,248.712687
324.31,7,248.719426
352.97,9,248.741327
-1381.04,200,251.634541
-701.92,200,252.104386
372.366923,13,252.130188
-1457.28,200,252.617336
350.366923,13,252.646338
-695.76,200,253.122155
368.31,7,253.134484
326.395455,29,253.167548
307.39,8,253.167548
173.54,86,253.303313
-1103.0,200,253.737494
324.46,12,253.765191
378.77087,23,253.824568
242.982353,34,253.89998
371.64,8,253.913987
-699.48,200,254.356328
364.448182,11,254.375625
334.443846,13,254.406857
-661.6,200,254.804625
358.32,4,254.807234
331.14,8,254.823445
237.62,25,254.862261
223.13,25,254.89305
266.3,12,254.909655
247.145714,46,254.96549
331.235455,25,254.995269
-586.0,200,255.253013
-1199.8,200,256.581641
-1202.96,200,256.916495
290.498571,7,256.927195
323.47,15,256.955013
191.78,30,256.99966
312.66,4,257.001239
-623.16,200,257.265029
344.567647,17,257.293034
322.203846,13,257.309053
332.99,3,257.31106
346.294286,34,257.34689
-1507.76,200,257.625937
166.04,108,257.837198
259.266364,11,257.868575
364.98,6,257.881945
302.602857,14,257.918729
360.762857,14,257.952335
310.437692,13,257.970137
333.106364,11,257.986939
95.515172,46,258.101209
381.63,11,258.117808
355.97,9,258.142167
398.28,16,258.175706
337.63,11,258.194512
362.78,18,258.223841
311.97,9,258.236929
-1259.48,200,258.636319
347.03,16,258.679281
311.73,25,258.720421
335.026364,11,258.75288
350.366923,13,258.773073
340.353529,17,258.8153
-1306.64,200,259.223846
271.63,11,259.250098
-758.96,200,259.668625
233.186364,11,259.69797
358.32,4,259.701979
378.3,10,259.732411
360.762857,14,259.754363
-125.658571,181,260.085264
295.844615,18,260.134946
344.1,20,260.167057
374.97,9,260.200368
318.62,20,260.25265
337.23,8,260.268272
388.29,13,260.294821
-718.24,200,262.73209
330.87,15,262.766023
358.32,4,262.777908
-601.16,200,263.230774
384.96,12,263.270864
-1251.56,200,263.78789
-1020.24,200,264.471962
374.97,9,264.484788
351.66,2,264.50059
254.62,40,264.556406
-1201.8,200,264.961635
369.62,14,264.998415
-715.28,200,265.302212
-528.64,200,265.644832
238.85,23,265.69571
326.82,4,265.709617
364.98,6,265.723081
350.366923,13,265.755559
308.65,9,265.775054
-1375.8,200,266.119531
-603.36,200,266.404147
-1263.76,200,268.193236
320.515714,7,268.204515
-638.8,200,268.538844
354.99,3,268.541857
331.14,8,268.551641
-925.570345,126,268.725908
-1093.36,200,269.04542
-554.6,200,269.444166
333.97,9,269.475467
-800.64,200,269.862169
325.07,5,269.878962
313.33,41,269.991786
334.65,5,270.00226
340.900769,27,270.043287
66.54,94,270.188772
-609.68,200,270.514064
329.39,8,270.527251
-642.12,200,270.852178
388.29,13,270.869479
-549.44,200,271.209008
228.043636,76,271.327239
337.020769,15,271.354364
372.366923,13,271.37241
-1454.96,200,273.251443
338.762857,14,273.267494
320.98,6,273.28348
268.200769,13,273.301408
240.288182,11,273.31512
323.334286,14,273.34978
346.46,12,273.387881
380.796316,19,273.425925
326.912632,26,273.514459
333.395455,25,273.566407
322.280769,13,273.583618
368.31,7,273.606625
-661.92,200,274.045459
-806.36,200,274.377281
309.402727,13,274.39977
347.787143,29,274.43347
-3205.4,200,274.888872
252.94,18,274.94536
351.66,2,274.958564
253.88,32,275.080469
128.19,55,275.256772
264.354615,13,275.297333
270.97,9,275.322496
388.29,13,275.370065
336.97,9,275.390198
-937.96,200,275.9263
336.273529,17,275.948911
335.79,15,276.06681
-1289.76,200,276.57056
359.73,9,276.579177
361.65,5,276.587864
352.92,36,276.657469
330.21,15,276.691333
362.96,12,276.720643
272.762857,14,276.752149
276.372857,7,276.767529
278.38,18,276.814411
269.208947,19,276.854248
-961.44,200,277.200779
334.443846,13,277.21835
329.9,38,277.267275
272.87,19,277.302219
340.98,6,277.310872
341.81,9,277.322047
-641.04,200,279.071239
-719.32,200,279.330914
-813.48,200,279.561333
322.29,13,279.577715
-1504.48,200,279.779
343.95,27,279.821347
-743.48,200,280.112737
361.187826,28,280.144869
332.191429,14,280.154869
-1631.12,200,280.427006
128.53,32,280.460169
270.06,12,280.481987
312.88,20,280.495394
-1272.12,200,280.726533
322.98,8,280.740443
-853.24,200,281.044613
-638.6,200,281.27866
-572.12,200,281.564512
-27.794054,50,282.794612
262.14,10,282.809738
271.128947,19,282.846352
217.65,16,282.860562
305.64,8,282.877086
-590.6,200,283.242492
198.544783,23,283.270172
351.66,2,283.272173
371.64,8,283.272173
346.452857,7,283.292318
350.567647,17,283.308681
356.3,10,283.323396
355.97,9,283.333572
341.78,19,283.349514
-1209.6,200,283.595877
153.71931,34,283.634739
-942.28,200,283.88926
368.286923,13,283.911819
334.53,19,283.939553
363.78,19,283.96319
313.951739,23,283.990076
322.358571,21,284.005358
-22.36,200,284.28962
329.69,25,284.327742
347.88,12,284.34392
-60.747143,197,284.674216
180.030769,60,284.761943
350.95,15,284.780085
313.89,9,284.78914
380.796316,19,284.81478
365.857826,23,284.838973
174.2,88,284.968002
376.191429,14,284.993402
290.245714,32,285.039385
342.3,10,285.07637
333.72,12,285.098038
353.322632,19,285.122304
-778.08,200,285.471204
311.425789,27,285.510388
361.65,5,285.522286
364.47,15,285.554395
102.56,96,285.743586
356.443846,13,285.773676
221.18,34,285.840979
197.155882,17,285.874418
-10.147692,70,288.619309
315.174286,14,288.658469
368.31,7,288.675746
275.41,41,288.8163
203.175294,34,288.908908
361.65,5,288.939846
-717.56,200,289.855115
-1187.84,200,290.53531
352.97,9,290.554553
298.327647,17,290.606724
-36.043077,124,290.933831
301.711739,23,290.973254
-2972.84,200,291.453902
-924.08,200,291.978894
224.352857,21,292.033202
363.23,7,292.05044
241.416364,22,292.117724
289.97,9,292.140645
358.32,4,292.149085
353.037143,26,292.20881
361.65,5,292.223208
-1593.32,200,292.662583
348.33,1,292.666564
330.97,9,292.692194
358.206923,13,292.721951
333.47,11,292.741287
348.512857,21,292.789064
31.36,42,292.872359
-1222.64,200,293.177314
238.745,74,293.278173
368.31,7,293.289092
337.66,10,293.304107
256.223636,22,293.3593
200.22,24,293.404263
356.537143,24,293.429953
328.85,21,293.472075
230.611739,25,293.50471
361.65,5,293.510385
331.14,8,293.51596
333.97,9,293.529754
330.6,20,293.546511
355.97,9,293.564129
324.602857,14,293.577978
190.030769,60,294.900725
358.727647,17,294.920393
-1055.4,200,295.15415
299.094286,14,295.17021
338.762857,14,295.186842
342.522857,14,295.207906
336.899474,19,295.236203
332.686364,17,295.254696
357.98,10,295.261203
361.187826,28,295.301031
368.31,7,295.306784
329.273529,21,295.328841
61.52,126,295.479539
-92.282055,181,295.707942
368.286923,13,295.7328
354.191429,14,295.754863
340.933529,19,295.823901
351.39,8,295.854499
391.62,14,295.889373
378.3,10,295.907668
334.65,5,295.915504
355.97,9,295.93284
385.565882,18,295.96341
322.55,11,295.970435
-564.72,200,296.338923
163.314615,53,296.388441
329.79,27,296.429795
-747.88,200,296.718845
284.14,10,296.727546
-594.52,200,297.110519
-724.88,200,297.443784
334.33,9,297.453793
336.21,21,297.47778
335.98,10,297.47778
-1382.96,200,297.859239
224.3,18,297.904541
276.95,15,297.94127
-641.84,200,299.977278
365.315882,17,300.019944
352.899474,19,300.045374
316.368182,11,300.065221
378.987273,22,300.107659
-989.92,200,300.483541
310.89,9,300.55419
-638.48,200,300.925972
358.32,4,300.925972
-1335.92,200,301.26754
334.341429,21,301.29342
372.95,15,301.331336
284.366923,13,301.350037
318.767692,14,301.373901
238.81,25,301.410336
334.443846,13,301.426304
302.14,14,301.444713
352.97,9,301.455528
351.39,8,301.458229
-914.48,200,301.933063
328.334545,12,301.951531
272.22,10,301.974532
326.82,4,301.982556
364.98,6,301.990535
342.448182,11,302.006583
348.33,1,302.006583
326.82,4,302.023328
-1400.4,200,302.356535
315.979412,17,302.389674
-598.28,200,302.737546
360.3,10,302.754501
332.714545,26,302.860168
315.979412,17,302.922668
275.35,24,302.983334
368.67,27,303.005275
-834.32,200,303.297782
330.97,9,303.31347
-236.213953,140,303.606921
175.825455,36,306.12813
299.186364,11,306.140111
77.717273,75,306.310971
374.97,9,306.355448
-1037.24,200,306.926355
215.363333,27,306.97983
-43.937391,196,307.358924
336.727647,17,307.378302
358.32,4,307.390712
-662.52,200,307.935117
242.81,25,308.003444
336.32,4,308.019013
330.57,5,308.035388
309.52,20,308.084678
339.78,16,308.134436
220.805455,22,308.20746
225.116154,51,308.359495
289.97,9,308.391388
361.65,5,308.405113
224.79,15,308.44335
-641.24,200,309.003165
336.97,9,309.027692
234.254286,50,309.171927
348.33,1,309.171927
263.89,25,309.252217
332.99,3,309.258353
312.21,21,309.318246
361.65,5,309.328287
287.19,19,309.389842
328.35,29,309.484606
-824.52,200,310.276872
-869.68,200,310.916606
330.97,9,310.950627
-640.12,200,311.750062
352.602857,14,311.784719
222.953529,37,311.903199
-1478.434706,185,314.455882
-387.734615,65,314.685746
346.46,12,314.733457
274.94,18,314.777664
340.98,6,314.78987
332.99,3,314.798449
258.82,8,314.809977
-1127.96,200,315.295184
359.9,6,315.295837
370.616923,14,315.333946
-753.12,200,315.874316
332.99,3,315.895819
341.46,18,315.960989
289.97,9,315.985368
-1058.76,200,316.436503
342.448182,11,316.518625
342.671429,22,316.596196
336.97,9,316.629604
333.71,13,316.658012
339.585789,19,316.703812
-129.197808,112,316.97704
310.435714,7,316.999394
182.106522,23,317.067336
-110.81,75,317.306192
41.374839,134,317.524457
25.665283,98,317.744148
332.405,16,317.786071
8.26,76,317.948437
388.29,13,317.984648
234.443846,45,318.103215
329.66,2,318.10846
253.14,40,318.238736
-606.28,200,318.813627
218.95,24,318.878124
276.448182,11,318.909434
348.94,18,318.95148
78.34,30,319.051412
330.084545,11,319.089499
361.65,5,319.098189
-1214.76,200,322.53315
230.470909,22,322.598201
340.565455,22,322.665859
-614.481111,187,323.114081
226.94,58,323.206756
225.347692,32,323.270261
283.9,26,323.329064
312.902727,11,323.355986
272.23,11,323.395898
364.687826,26,323.48953
326.82,4,323.499091
369.191429,18,323.551773
351.66,2,323.55228
340.98,6,323.57508
342.98,6,323.587924
381.63,11,323.623243
235.059474,19,323.667752
266.14,10,323.706144
368.31,7,323.724041
-728.8,200,324.28565
284.31,34,324.396516
348.33,1,324.401581
-640.96,200,324.990652
378.3,10,325.011963
338.03,17,325.050014
135.945789,103,325.302213
259.348947,57,325.439959
275.957143,30,325.486006
-555.24,200,325.886571
-2302.08,200,326.245228
336.32,4,326.254515
358.32,4,326.262866
342.448182,11,326.281422
352.021765,29,326.344462
336.32,4,326.354117
-1315.76,200,327.028652
336.97,9,327.0446
361.65,5,327.074087
368.31,7,327.084103
331.495,21,327.123738
354.99,3,327.13104
211.662857,36,327.20531
347.84,24,327.246252
336.86,18,327.301538
358.727647,17,327.347654
298.29,45,327.425567
331.72,12,327.454279
325.62,16,327.491033
275.392105,19,327.546653
330.97,9,327.580026
348.501429,21,329.737364
232.868182,21,329.762116
341.79,15,329.795604
301.869231,26,329.835196
354.191429,14,329.866959
-555.52,200,330.347028
322.358571,21,330.385271
288.405,16,330.411678
165.493846,26,330.453394
361.65,5,330.453394
344.433529,17,330.483071
288.3,12,330.503824
362.979474,19,330.534276
250.45,41,330.577826
276.95,15,330.599848
326.360769,13,330.611696
-1035.08,200,330.979285
364.98,6,330.979285
232.399565,61,331.19999
272.514615,13,331.258398
302.46,12,331.287001
351.66,2,331.290808
-1464.52,200,331.828739
302.452727,26,331.902943
-1446.08,200,332.421316
356.443846,13,332.447088
101.73,75,332.615261
11.779535,148,332.88458
368.866923,15,332.915774
368.31,7,332.928617
362.96,12,332.951334
253.405714,20,333.006186
205.61,53,333.119349
358.53,22,333.155372
294.478696,23,333.207505
316.762857,14,333.252687
368.187826,24,333.324847
298.63,23,333.397023
180.07,91,333.642067
348.33,1,333.654571
-713.16,200,334.025317
358.32,4,334.025317
361.65,5,334.041412
173.0,83,334.213735
-660.48,200,336.796527
364.98,6,336.810533
-656.48,200,337.231458
340.031739,23,337.279373
330.363846,13,337.295857
190.09,46,337.378257
332.78,18,337.408203
351.66,2,337.410208
-573.76,200,337.730513
317.97,9,337.746885
391.45,17,337.777833
254.54,22,337.80948
-588.28,200,338.307672
213.844286,21,338.346748
231.79,15,338.379351
335.7,16,338.4124
265.94,22,338.473778
394.95,15,338.507935
322.15,15,338.531415
368.187826,24,338.560705
351.39,8,338.569626
247.89,9,338.596678
340.622857,8,338.607831
368.286923,13,338.62856
306.81,8,338.640873
-1075.68,200,338.936256
289.97,9,338.949087
-602.36,200,339.593382
324.595714,7,339.610788
-61.783846,169,340.054733
334.65,5,340.069454
354.99,3,340.072471
311.79,15,340.090003
308.363846,13,340.125725
330.97,9,340.150919
109.923333,27,340.204503
354.46,20,340.229328
-1202.52,200,340.771238
-613.031791,169,343.367142
339.65,5,343.369056
360.762857,14,343.41312
358.32,4,343.422527
354.99,3,343.429409
149.21,40,343.526393
362.698182,12,343.555184
117.996452,63,343.693261
272.176667,27,343.756972
-599.04,200,344.289626
358.32,4,344.301772
364.95,15,344.328143
339.65,5,344.339859
330.97,9,344.355815
298.74,30,344.420048
302.3,10,344.44697
317.97,9,344.466509
-645.04,200,344.738128
358.32,4,344.750354
252.245,16,344.770127
348.33,1,344.781083
-229.668462,91,344.970864
313.505789,19,345.009993
-672.88,200,345.579012
381.29,17,345.622675
341.521765,35,345.705585
97.62913,81,345.894019
230.097692,67,346.02529
364.98,6,346.050183
302.702857,32,346.130044
348.33,1,346.132119
338.87,15,346.149902
-140.906957,126,346.310656
388.29,13,346.32882
277.78,22,346.350895
324.3,10,346.362274
348.33,1,346.369456
323.87,19,346.457409
373.92,24,346.549918
344.645455,22,346.5949
-52.503548,157,346.832427
344.433529,17,346.864339
313.951739,23,346.904406
130.068378,37,346.945973
364.96,14,346.986843
244.737273,33,347.055102
-767.28,200,350.058339
361.19,19,350.109107
296.96,12,350.146007
-120.944737,95,350.313791
346.452857,7,350.325445
343.21,17,350.348783
-92.076364,176,350.632451
358.32,4,350.637762
298.44,24,350.669524
289.97,9,350.689507
-72.052703,77,350.783944
225.04,28,350.814959
359.63,11,350.827368
309.551739,23,350.851092
294.71,15,350.869815
-698.96,200,351.220888
358.32,4,351.228055
330.363846,13,351.244867
327.64,8,351.256409
361.787143,21,351.28665
346.452857,7,351.29645
356.443846,13,351.313349
361.65,5,351.319347
228.405,21,351.352667
61.818649,57,351.469753
270.81,27,351.520968
356.94,20,351.540517
340.48,20,351.57757
365.25,25,351.600344
-1021.76,200,351.917524
284.63,15,351.940818
-406.082278,158,352.201545
322.358571,21,352.252692
238.38,24,352.28594
264.63,15,352.308608
324.31,7,352.31638
361.65,5,352.324992
166.61087,23,352.350494
358.32,4,352.354793
364.448182,11,352.377239
-1166.52,200,352.623776
-2071.84,200,352.835212
200.558571,21,352.864438
383.655,16,352.884206
311.2,20,352.932031
316.98,6,352.956088
230.484516,54,353.076778
212.834545,78,354.515086
49.06809,106,354.713289
278.280769,13,354.73439
267.665714,14,354.755563
346.31,7,354.755563
339.78,16,354.783149
338.116923,20,354.815213
253.941429,21,354.847867
372.366923,13,354.896495
368.31,7,354.92289
292.380968,31,355.028506
324.3,10,355.05148
306.366923,13,355.079923
-591.68,200,355.536609
270.834545,22,355.595423
226.32,32,355.671346
374.97,9,355.695754
360.368182,11,355.719473
265.135714,21,355.762783
322.358571,21,355.808244
371.64,8,355.82657
324.452857,7,355.84003
330.97,9,355.853653
357.262857,16,355.889515
316.762857,14,355.928309
189.835714,15,355.960136
78.477273,55,356.244147
376.191429,14,356.283072
354.99,3,356.298594
272.94,18,356.372951
352.97,9,356.406253
301.819412,17,356.466551
167.12,100,356.730815
271.63,11,356.754874
-6.278571,63,356.905862
-1301.12,200,357.55578
368.31,7,357.55578
80.24,68,357.704794
34.825263,124,358.034728
388.29,13,358.054661
354.94,18,358.077013
293.208947,19,358.107728
310.191429,14,358.128588
372.366923,13,358.153645
339.65,5,358.16064
329.905714,14,358.179287
-1719.24,200,358.586834
280.196154,31,358.649153
305.37,21,358.686037
361.65,5,358.693928
-776.6,200,359.074206
371.64,8,359.092482
358.32,4,359.101125
256.958571,21,359.142679
315.73,9,359.153895
-331.160099,103,360.895748
341.834286,16,360.920204
58.19,34,360.976473
305.95,15,360.992121
360.762857,14,361.008164
360.762857,14,361.035782
-563.96,200,361.419315
353.87,15,361.45071
304.594615,13,361.466703
265.776667,27,361.498605
369.495,16,361.521262
-557.04,200,361.863957
368.31,7,361.863957
361.65,5,361.880758
332.292857,7,361.886781
358.32,4,361.890788
-569.68,200,362.101722
-692.64,200,362.307495
353.322632,19,362.332855
351.39,8,362.339405
316.3,10,362.350826
319.953529,17,362.363299
324.31,7,362.370596
281.266364,11,362.393891
368.31,7,362.403868
-83.500377,68,362.484175
246.443846,13,362.503303
189.796216,46,362.54437
327.995,23,362.563262
283.04,44,362.606967
364.98,6,362.613122
310.435714,7,362.615134
-539.84,200,362.817284
268.892727,22,362.835638
259.45,17,362.857081
388.29,13,362.870811
328.37,25,362.891553
336.28,18,362.907466
374.97,9,362.913428
325.31,9,362.933582
308.214545,40,362.992362
215.4,46,363.054017
223.610909,32,363.087038
358.32,4,363.092037
363.78,19,363.116957
332.89,9,363.129646
-1356.32,200,363.373353
305.95,15,363.390022
348.33,1,363.392044
286.39,19,363.411844
-557.84,200,365.001251
350.79,15,365.027206
289.9,36,365.09019
336.727647,17,365.119536
368.31,7,365.133567
355.97,9,365.155478
364.98,6,365.174068
218.83,75,365.331687
-584.2,200,365.776762
283.64,8,365.797657
220.905,32,365.864932
17.743115,113,366.064135
137.716364,50,366.144105
339.65,5,366.15063
328.366923,13,366.168393
-1232.32,200,366.4283
286.88,16,366.444437
271.63,11,366.461493
361.65,5,366.463499
361.65,5,366.467545
269.255,26,366.508249
236.453158,19,366.531371
351.39,8,366.543132
324.602857,14,366.559265
320.448182,11,366.579214
280.46,12,366.595264
320.448182,11,366.622732
351.96,12,366.642993
300.72,12,366.659752
-617.48,200,367.068992
290.443846,13,367.086739
272.762857,14,367.105026
121.195946,37,367.152007
349.95,15,367.175699
328.98,14,367.199646
378.3,10,367.211077
361.17,24,367.248149
281.712727,24,367.279783
95.856667,91,367.42006
313.95,15,367.45163
374.97,9,367.46922
-556.88,200,367.787441
-625.72,200,368.073858
346.13,13,368.097241
257.209231,32,368.132721
-1242.0,200,369.681329
320.49,5,369.688886
342.682857,22,369.722728
360.3,10,369.73826
354.99,3,369.744323
87.968571,50,369.818072
374.97,9,369.830601
302.595714,7,369.844426
217.641176,34,369.890715
374.97,9,369.90222
-556.76,200,370.414315
270.766364,17,370.455388
268.443846,13,370.494105
-565.12,200,370.879418
335.46,12,370.904903
320.517692,13,370.935559
266.14,10,370.959036
342.165,16,370.980111
261.2,16,371.023774
348.33,1,371.025693
336.97,9,371.045467
-558.6,200,371.449292
351.66,2,371.455696
24.59125,64,371.607521
367.116923,16,371.639518
331.14,8,371.65521
316.98,6,371.670936
307.89,9,371.698736
205.528421,44,371.788969
-337.749451,180,372.169906
348.33,1,372.169906
-521.12,200,372.606103
-794.12,200,373.124656
304.54,30,373.209828
361.65,5,373.215826
358.32,4,373.224077
297.69,25,373.275177
310.94,18,373.309262
368.31,7,373.330801
178.324286,29,373.390049
351.49,5,373.40187
266.191429,14,373.427666
361.65,5,373.436126
-344.610588,162,373.687638
368.31,7,373.698739
356.443846,13,373.741803
359.012857,15,375.828752
-1095.76,200,376.376399
332.405,16,376.418619
394.95,15,376.46268
-552.92,200,377.105135
322.74,4,377.11712
-810.8,200,377.691862
321.075,16,377.742205
278.29,13,377.784502
354.99,3,377.795693
294.368182,11,377.824183
318.98,6,377.851042
358.727647,17,377.903058
308.084545,11,377.927538
283.77,24,378.003723
234.911176,17,378.048851
307.39,9,378.070692
324.14,26,378.211653
355.97,9,378.274413
300.795294,36,378.426987
282.594615,13,378.486381
342.448182,11,378.542184
369.62,14,378.599736
378.3,10,378.634367
350.21,13,378.693928
268.06,10,378.7255
358.55,11,378.755291
353.322632,19,378.810466
384.96,12,378.860078
372.366923,13,378.906716
358.32,4,378.919401
329.905714,14,378.987595
330.084545,11,379.04046
347.03,16,379.086178
330.97,9,379.116866
-775.12,200,380.100241
361.17,24,380.174545
324.3,10,380.207428
368.31,7,380.231256
351.66,2,380.237286
312.902727,11,380.266564
346.452857,7,380.286741
352.97,9,380.314133
289.97,9,380.337225
-1475.16,200,381.066931
314.815714,21,381.120575
277.616923,42,381.287254
324.595714,7,381.315336
290.9,6,381.336408
181.707143,21,381.421706
357.262857,16,381.475657
254.96,14,381.581265
356.443846,13,381.800155
381.63,11,381.847641
346.31,7,381.897889
353.322632,19,381.998203
311.97,9,382.087316
299.2,44,382.399462
183.415517,29,382.497615
138.01,45,382.768866
362.6,20,382.835303
351.96,12,382.87256
314.97,9,382.897686
369.937826,23,382.961962
384.96,12,383.004554
324.595714,7,383.037964
378.3,10,383.08906
320.283846,13,383.150525
242.54,18,383.204595
322.358571,21,383.399661
358.899474,19,383.481798
154.178182,72,383.77968
378.3,10,387.614875
373.021765,17,387.6983
351.66,2,387.723962
-1153.6,200,388.830172
341.617826,23,388.918228
355.85,21,389.062074
268.54,18,389.149302
-1338.48,200,390.265419
358.32,4,390.289074
286.97,9,390.335642
345.334286,14,390.405853
274.62,18,390.47014
-708.28,200,391.110884
314.32,4,391.147702
346.31,7,391.182542
339.48,8,391.21481
327.64,10,391.254675
314.727647,17,391.31544
344.433529,17,391.376179
174.54,18,391.43564
358.32,4,391.446321
320.98,6,391.467845
350.366923,13,391.508221
339.816364,22,391.567019
310.191429,14,391.604819
398.28,16,391.662301
334.443846,13,391.700564
323.87,15,391.746891
320.175789,22,391.793303
344.433529,17,391.828391
269.61,17,391.865788
351.66,2,391.871788
-1269.28,200,392.593774
361.65,5,392.617608
329.96,12,392.655229
364.448182,11,392.684731
346.31,7,392.702281
312.65,5,392.714071
346.31,7,392.734313
243.438293,41,392.844528
310.89,9,392.869278
-1154.04,200,393.481214
391.62,14,393.57173
330.97,9,393.605869
302.46,12,393.651076
341.512857,25,393.726752
-75.972941,34,393.861894
352.012857,19,393.931607
306.366923,13,393.990489
335.103529,20,394.051472
200.683333,31,394.105926
354.22,10,394.124141
306.366923,13,394.164527
368.31,7,394.194474
257.438947,50,394.36501
358.32,4,394.383878
329.905714,14,394.444776
-658.12,200,395.014179
214.755,16,395.048667
334.443846,13,395.100947
352.655,17,395.167148
310.191429,14,395.218782
349.15,27,395.304761
243.448947,19,397.57336
380.796316,19,397.613529
170.04,20,397.66247
361.65,5,397.668472
372.366923,13,397.688224
313.89,9,397.702851
324.595714,7,397.718376
324.46,12,397.735041
254.817647,18,397.770367
360.762857,14,397.796537
381.63,11,397.830626
246.550909,22,397.893807
364.448182,11,397.915988
316.98,6,397.932538
369.03,16,397.978963
334.4,8,398.003178
252.44,56,398.172523
348.33,1,398.17645
328.366923,13,398.229395
368.31,7,398.248718
235.139412,21,398.294354
334.65,5,398.305924
-552.92,200,398.66398
262.56,20,398.723208
346.452857,7,398.739296
324.3,10,398.769446
335.46,12,398.805876
348.33,1,398.813852
322.433529,17,398.844807
364.95,15,398.88299
388.29,13,398.937495
339.45,21,399.004126
-1562.6,200,399.846541
325.9,10,399.879727
302.46,12,399.896158
358.32,4,399.911836
284.9,8,399.919739
368.31,7,399.938282
-688.04,200,400.607379
340.94,18,400.66222
354.191429,14,400.709251
350.366923,13,400.744656
357.149474,20,400.80479
394.95,15,400.855537
194.801429,35,400.928149
378.3,10,400.963829
354.693846,14,401.000482
272.368182,11,401.035568
351.66,2,401.042985
384.96,12,401.076117
346.452857,7,401.097186
354.99,3,401.101186
350.366923,13,401.120698
-261.444286,119,401.41998
295.65,5,401.445081
358.86,20,401.504929
318.48,20,401.563097
191.94,22,401.707163
168.411176,55,401.916655
288.89,8,401.94113
314.272857,21,401.997385
348.33,1,401.999389
331.477647,20,402.049782
330.97,9,402.069343
302.46,12,402.110234
292.040769,13,402.147574
379.95,15,402.178483
-561.76,200,402.680892
329.905714,14,402.723533
351.39,8,402.744375
364.98,6,402.759647
361.65,5,402.772148
336.32,4,402.804775
348.33,1,402.816736
318.73,9,402.875551
310.94,18,402.973361
358.32,4,403.000823
320.98,6,403.035251
374.97,9,403.061327
295.17,25,403.111537
338.762857,14,403.15173
-138.626774,91,403.39093
351.66,2,403.398963
347.266364,11,403.428661
358.727647,17,403.468495
247.6,20,403.508688
310.405,16,406.805307
318.2,16,406.878897
265.14,8,406.895901
269.61,17,406.953932
263.89,9,406.978415
368.31,7,406.993213
185.932857,99,407.253044
305.64,8,407.263402
374.97,9,407.273554
284.95,15,407.303044
325.62,14,407.32347
298.38,12,407.346502
334.65,5,407.352787
207.807805,44,407.42458
320.64,12,407.440679
317.655,16,407.472059
309.14,8,407.481677
368.94,18,407.513564
-612.48,200,408.019799
350.21,13,408.063693
368.31,7,408.088095
324.46,12,408.133835
262.111429,14,408.177024
360.3,10,408.206824
-555.68,200,408.729196
-605.8,200,409.136319
301.685294,17,409.187596
339.585789,19,409.24097
347.62,14,409.273612
361.65,5,409.28238
332.292857,7,409.298406
368.31,7,409.305667
221.31,91,409.504464
171.627143,21,409.552959
312.902727,11,409.571699
274.895714,21,409.624293
329.39,8,409.646087
378.13,13,409.675578
364.98,6,409.681598
354.55,11,409.702831
371.64,8,409.704668
326.44,22,409.75274
362.94,18,409.792541
359.63,11,409.827588
358.796316,19,409.880737
312.94,22,409.907912
326.004545,11,409.917436
269.44,20,409.964423
332.405,16,410.004122
336.97,9,410.026071
351.89,9,410.039751
374.97,9,410.057468
318.6,20,410.097426
351.66,2,410.099434
281.81,9,410.10533
388.29,13,410.139212
363.78,19,410.212891
354.99,3,410.226679
332.99,3,410.233094
374.46,18,410.336657
380.155,18,410.458678
361.65,5,410.469393
81.621081,74,410.63166
322.74,4,410.645414
270.55,13,410.672488
331.14,8,410.688456
351.66,2,410.69045
228.722727,33,410.750827
351.66,2,410.767137
318.200769,13,410.793991
384.96,12,410.818382
374.97,9,410.850239
347.266364,11,410.876682
334.3,10,410.896564
351.66,2,410.896564
353.322632,19,410.949641
321.186364,11,410.977086
261.094286,14,411.039502
308.55,15,411.116645
381.63,11,411.152842
332.191429,14,411.1774
354.99,3,411.182058
233.309474,20,411.225033
394.95,15,411.252717
316.3,10,411.265676
334.3,10,411.277495
361.65,5,411.283731
274.96,12,411.299684
381.905,17,411.32525
358.32,4,411.336859
376.45,17,411.384499
384.96,12,411.408032
312.65,5,411.424315
-924.4,200,413.627336
317.162632,19,413.666082
332.191429,14,413.696446
-1804.84,200,414.153439
308.084545,11,414.18249
369.62,14,414.212415
234.697692,15,414.243941
347.31,8,414.262273
345.334286,14,414.278383
348.33,1,414.278383
316.98,6,414.296254
335.505789,19,414.325507
271.391176,17,414.344871
158.12,72,414.482809
266.405,16,414.504443
318.23,19,414.536534
372.366923,13,414.568536
333.95,17,414.598291
338.3,10,414.614063
302.3,10,414.627663
351.66,2,414.628679
300.01,29,414.662224
331.14,8,414.662224
328.334545,12,414.692192
310.23,11,414.707887
350.366923,13,414.723727
258.46,12,414.744553
265.78,75,414.82865
384.96,12,414.850316
369.937826,23,414.972811
-1096.44,200,415.511292
364.98,6,415.521589
334.65,5,415.528048
40.331538,87,415.762229
-1261.08,200,416.202015
260.300968,31,416.263401
233.96,48,416.3569
308.97,25,416.420185
278.29,13,416.449916
355.97,9,416.467565
361.65,5,416.476973
-655.84,200,416.848063
313.95,15,416.879114
221.903846,27,416.942747
249.63,11,416.951193
334.443846,13,416.979023
262.288182,11,416.996361
352.97,9,417.020917
368.46,12,417.043578
346.46,12,417.061929
-554.52,200,417.442745
376.191429,14,417.461966
354.99,3,417.461966
360.762857,14,417.478481
378.13,13,417.505515
315.3,16,417.535615
364.98,6,417.54515
364.687826,26,417.598508
312.65,5,417.606199
302.31,7,417.620781
324.31,7,417.638906
338.22,10,417.659886
293.63,11,417.682537
336.93,25,419.97346
358.32,4,419.97346
334.65,5,419.97346
320.448182,11,420.003667
216.015294,34,420.082926
361.65,5,420.090123
288.977143,48,420.190288
339.65,5,420.194117
346.46,12,420.209743
327.055714,21,420.228213
288.578571,7,420.24173
339.65,5,420.256986
334.22,10,420.272995
105.364545,123,420.491907
310.191429,14,420.536786
208.324286,21,420.640378
-1503.52,200,421.112386
330.084545,11,421.141773
354.99,3,421.141773
347.266364,11,421.179106
394.95,15,421.217485
340.622857,8,421.23573
332.405,16,421.277172
-837.04,200,421.726827
362.96,12,421.775285
272.655,25,421.878248
330.615714,29,421.963889
330.084545,11,421.990108
361.65,5,422.015643
342.64,12,422.04922
235.033846,24,422.116191
-552.92,200,422.611574
-561.76,200,423.160774
316.645455,22,423.2186
374.97,9,423.23847
270.97,9,423.268134
345.516364,12,423.289238
338.3,10,423.327435
351.39,8,423.347151
351.66,2,423.35436
338.762857,14,423.388076
272.94,18,423.434829
368.31,7,423.452992
232.95,15,423.488625
194.394615,81,423.67568
351.736364,22,423.716781
275.254286,14,423.74159
314.9,6,423.759187
339.655,16,423.793087
354.99,3,423.801791
284.95,15,423.840213
227.033846,16,423.881417
310.647647,17,423.919123
327.95,15,423.948137
-716.8,200,424.4893
-617.76,200,426.691895
286.97,9,426.717469
380.796316,19,426.746005
170.69087,23,426.777309
346.31,7,426.787244
347.03,16,426.807476
220.734286,28,426.867827
358.32,4,426.872197
348.33,1,426.874199
368.31,7,426.888293
391.62,14,426.911024
276.742727,11,426.926216
342.2,28,426.967731
376.191429,14,426.989076
-1154.72,200,427.346063
296.520769,13,427.370362
348.94,18,427.395997
340.96,12,427.418381
330.084545,11,427.443683
338.87,15,427.474433
122.635714,56,427.575313
73.770909,80,427.831704
360.3,10,427.85384
238.584545,13,427.89684
335.215714,21,427.947659
239.823846,27,428.008103
368.31,7,428.018414
-299.683333,81,428.24447
-1328.8,200,428.736885
256.81,9,428.749342
-2234.4,200,429.219243
314.477143,14,429.261985
324.452857,7,429.267788
336.206923,13,429.308164
368.31,7,429.323655
305.64,8,429.340065
365.315882,17,429.401594
253.288947,19,429.46529
348.33,1,429.467988
-548.84,200,429.901422
346.31,7,429.907434
293.924545,11,429.921329
-1179.238182,198,430.676961
356.987273,22,430.749565
211.608621,53,430.972275
263.021765,17,431.059592
268.5825,32,431.154716
336.440769,13,431.203858
302.46,12,431.233379
326.82,4,431.246817
324.3,10,431.273027
358.32,4,431.285124
258.422727,11,431.304974
281.358571,29,431.367018
308.55,13,431.396676
324.31,7,431.420497
381.63,11,431.445298
293.23,8,431.463062
318.78,18,431.512366
300.4625,36,431.627104
289.97,9,431.642343
333.97,9,431.67551
358.32,4,431.686545
-607.44,200,433.732109
358.32,4,433.748216
361.65,5,433.748216
354.191429,14,433.768146
290.3,10,433.780004
-235.30125,188,433.994107
378.3,10,434.033493
320.522857,14,434.044418
309.44,24,434.092603
335.95,15,434.110769
257.84,28,434.167621
351.96,12,434.173644
350.21,13,434.189807
390.94,18,434.248897
357.111765,18,434.292964
334.65,5,434.306436
321.186364,11,434.316184
364.448182,11,434.348133
374.97,9,434.36432
-2560.44,200,434.647344
316.3,10,434.661615
258.94,18,434.69449
316.3725,35,434.727747
348.33,1,434.727747
303.266364,11,434.751616
330.97,9,434.759228
26.02,30,434.82766
358.727647,17,434.84575
335.024783,23,434.875027
336.97,9,434.875027
319.21,17,434.908162
359.63,11,434.908162
213.16,72,434.98474
349.64,8,435.000851
257.8,26,435.03069
197.447143,43,435.079354
336.440769,13,435.094333
326.82,4,435.116799
332.99,3,435.125869
316.762857,14,435.162418
358.32,4,435.169959
340.88,16,435.213673
339.65,5,435.222658
346.31,7,435.236173
316.98,6,435.24588
247.61,17,435.258318
355.97,9,435.270827
368.941765,17,435.275702
244.1,20,435.304065
351.66,2,435.308081
281.62,14,435.322384
327.64,8,435.333984
58.168049,41,435.374789
129.12,76,435.449638
364.98,6,435.453643
308.084545,11,435.469674
346.452857,7,435.477143
143.736667,71,435.554063
302.14,10,435.567733
-1243.44,200,435.780967
288.3,12,435.79699
36.188571,56,435.912414
310.39,11,435.934059
354.99,3,435.937069
299.186364,11,435.951664
346.46,12,435.966336
368.31,7,435.975401
292.09,29,435.990771
348.33,1,435.990771
283.1,20,436.022455
351.96,12,436.026446
284.59,27,436.066206
334.443846,13,436.095024
355.97,9,436.117793
348.33,1,436.117793
370.616923,14,436.163316
384.96,12,436.183178
-1354.52,200,437.806521
294.57,8,437.806521
342.95,16,437.843629
361.17,24,437.901007
328.389412,18,437.937811
315.97,21,437.985104
-550.0,200,438.307371
-592.72,200,438.658691
303.81,9,438.675178
346.45,17,438.706814
358.32,4,438.710647
310.875294,36,438.774955
283.345714,18,438.810677
182.267059,54,438.923521
278.72,12,438.94495
-599.508592,71,439.080653
324.3,10,439.098404
287.14,9,439.121137
350.111429,14,439.151876
175.663846,27,439.215548
299.095714,9,439.233203
76.5,90,439.570884
313.79,15,439.617329
351.15,11,439.641608
361.65,5,439.656389
274.520769,13,439.687889
286.62,20,439.732561
368.31,7,439.754694
313.95,15,439.780577
308.084545,11,439.815184
358.32,4,439.828185
-2758.72,200,440.315259
330.139412,17,440.358283
296.520769,13,440.390707
372.366923,13,440.421781
225.024783,23,440.489077
332.94,18,440.538388
360.3,10,440.569997
315.99,3,440.579994
151.37,24,440.615921
300.317143,14,440.641481
374.97,9,440.657761
358.32,4,440.664224
355.97,9,440.678782
338.87,15,440.690759
328.79,16,440.717461
205.316522,48,440.778836
351.021765,17,440.805608
292.97,9,440.81861
271.63,11,440.840738
267.227647,19,440.871434
364.98,6,440.885406
358.32,4,440.885406
318.98,6,440.904495
335.3,14,440.937248
342.05,13,440.952641
361.65,5,440.952641
387.315882,17,440.981831
344.567647,17,441.011692
-594.52,200,441.30321
286.084545,11,441.324861
355.97,9,441.346244
368.31,7,441.365696
322.29,13,441.386083
-557.84,200,442.932266
332.99,3,442.937392
299.584286,15,442.963361
370.616923,14,442.983286
372.366923,13,443.006068
312.73,9,443.02569
295.655,16,443.066357
346.31,7,443.084318
288.55,23,443.141849
359.46,14,443.173382
317.65,5,443.189466
303.266364,11,443.261014
351.66,2,443.275397
-566.92,200,443.51475
324.452857,7,443.531384
340.520769,13,443.550037
361.65,5,443.55773
376.191429,14,443.567951
346.46,12,443.57835
381.63,11,443.593631
242.852857,23,443.618161
362.96,12,443.625895
346.452857,7,443.625895
332.191429,14,443.657292
346.452857,7,443.66725
378.3,10,443.673018
339.65,5,443.673018
277.03,27,443.704604
222.303636,22,443.734067
284.95,15,443.736417
368.31,7,443.755082
335.95,15,443.768109
331.14,8,443.768109
324.3,10,443.789374
335.46,12,443.799822
339.78,16,443.815814
276.448182,11,443.815814
346.602857,14,443.833553
361.65,5,443.847285
346.46,12,443.863233
368.31,7,443.869643
326.82,4,443.873651
333.19,19,443.886499
350.288182,11,443.909896
290.98,22,443.927002
276.3,10,443.927002
369.272308,26,443.974784
184.42,30,444.00988
229.63,15,444.028654
361.65,5,444.033291
364.98,6,444.033291
353.322632,19,444.056217
236.3,10,444.071492
346.452857,7,444.079245
324.597692,13,444.081251
336.727647,17,444.111096
324.3,10,444.118041
315.924545,11,444.129115
321.924545,11,444.145112
320.448182,11,444.158879
336.32,4,444.158879
324.31,7,444.158879
242.805455,22,444.191033
354.99,3,444.191033
330.084545,11,444.207109
346.31,7,444.207109
350.366923,13,444.227109
352.97,9,444.231119
398.28,16,444.257718
323.9,14,444.262138
-584.28,200,444.48422
304.82,4,444.48422
-866.76,200,444.801465
368.46,12,444.821543
262.366923,13,444.843736
280.46,12,444.865529
355.97,9,444.865529
360.762857,14,444.881452
185.5,34,444.94588
354.78,18,444.962566
362.96,12,444.98246
246.237143,30,445.017647
365.896364,22,445.044297
376.1,26,445.065476
255.44,20,445.080929
364.448182,11,445.097133
364.98,6,445.104227
364.448182,11,445.113262
357.6,20,445.145226
358.86,18,445.161291
384.96,12,445.177999
322.845714,8,445.182118
358.32,4,445.193393
356.443846,13,445.193393
294.98,8,445.220792
355.97,9,445.224805
295.665714,14,445.248926
334.443846,13,445.259754
358.32,4,445.265483
334.65,5,445.265483
-892.730625,128,445.452195
361.65,5,445.457205
380.796316,19,445.478132
333.97,9,445.482033
331.61,21,445.50809
-679.12,200,446.871554
352.97,9,446.881169
349.64,8,446.889476
342.283846,13,446.90264
334.65,5,446.907612
388.29,13,446.913116
312.8,12,446.929575
307.96,12,446.943422
372.366923,13,446.947195
302.3,10,446.962816
324.595714,7,446.975291
314.32,4,446.975291
259.0,32,447.013864
374.97,9,447.023265
322.845714,8,447.023265
290.3,10,447.043232
292.32,4,447.047259
247.46,12,447.070493
284.691429,16,447.090131
368.31,7,447.098047
348.33,1,447.099133
271.63,11,447.117037
330.084545,11,447.130429
322.74,4,447.130429
-345.438125,128,447.32508
295.020811,45,447.43384
286.629565,24,447.455629
283.2225,32,447.501653
-1258.266154,130,447.645728
364.448182,11,447.665468
330.97,9,447.684214
288.405,16,447.715148
225.6,20,447.74134
374.8,12,447.755241
305.64,8,447.765475
80.666582,82,447.958201
384.96,12,447.97463
347.266364,11,447.98717
-767.36,200,448.34614
351.66,2,448.350573
360.87,15,448.38314
289.39,55,448.502368
312.65,5,448.502368
371.64,8,448.518812
356.94,20,448.538716
351.96,12,448.556237
280.82,6,448.561239
294.98,8,448.575785
351.66,2,448.580808
310.94,18,448.599285
352.97,9,448.611384
165.288947,19,448.628999
314.88,12,448.64077
312.3,10,448.656603
340.98,6,448.666128
97.668209,71,448.764237
339.78,16,448.784512
335.46,12,448.811621
344.433529,17,448.849835
381.63,11,448.863929
331.072857,21,448.914009
320.98,6,448.922041
287.14,8,448.939682
278.29,13,448.968547
345.44,20,448.997353
357.88,12,449.031134
364.98,6,449.046761
368.46,12,449.081416
364.95,16,449.113831
381.63,11,449.150079
312.78,18,449.181524
371.64,8,449.204408
-2247.76,200,449.679659
342.98,6,449.699987
378.3,10,449.730213
266.191429,14,449.77452
176.904286,23,449.831337
358.32,4,449.840645
326.82,4,449.85005
329.39,9,449.863015
378.3,10,449.890323
353.322632,19,449.927941
329.270811,38,449.995926
345.334286,14,450.033285
361.65,5,450.035291
242.805455,22,450.085709
351.021765,17,450.126472
-374.358571,127,452.807577
279.116923,16,452.860807
-593.52,200,453.279237
324.31,7,453.299694
-486.94,130,453.592807
329.96,12,453.634594
-640.76,200,454.123877
350.366923,13,454.173576
361.65,5,454.191547
302.277692,13,454.24087
-970.04,200,454.605802
374.97,9,454.634499
295.702857,36,454.69825
348.94,18,454.740516
304.584545,13,454.772406
354.99,3,454.789469
254.97,9,454.808434
334.977647,18,454.858366
359.63,11,454.879812
349.64,8,454.887794
336.32,4,454.894164
336.9,6,454.900162
318.98,6,454.909151
249.11,27,454.936181
302.46,12,454.936181
361.65,5,454.96141
351.66,2,454.966918
358.32,4,454.97573
374.97,9,454.993479
342.3,10,455.027484
330.97,9,455.058994
333.97,9,455.083434
257.19,19,455.126681
360.762857,14,455.17591
-585.44,200,455.790368
348.33,1,455.793849
261.95,15,455.847258
-26.478085,47,455.992099
356.3,10,456.02337
302.487647,17,456.078017
372.111429,14,456.123163
-594.76,200,456.75304
326.82,4,456.7561
259.03,16,456.788085
360.3,10,456.813932
358.32,4,456.825186
358.32,4,456.838047
379.95,15,456.870898
296.520769,13,456.91162
320.448182,11,456.94173
349.64,8,456.960573
313.95,15,457.008446
344.83,3,457.008446
346.31,7,457.039286
398.28,16,457.079115
339.655,16,457.124026
302.595714,7,457.143775
226.98,40,457.248368
326.82,4,457.258856
339.78,16,457.301727
391.62,14,457.338455
319.95,15,457.36672
304.82,6,457.373224
349.443846,17,457.417151
308.97,9,457.43813
348.33,1,457.43813
305.28,19,457.486895
324.3,10,457.508754
348.33,1,457.511849
-1167.0,200,460.291767
361.65,5,460.303517
213.265789,19,460.336543
356.443846,13,460.376058
368.46,12,460.411951
364.98,6,460.434927
361.65,5,460.453462
378.3,10,460.485826
355.85,21,460.532632
344.433529,17,460.584249
-530.28,200,460.958
315.198182,14,460.976672
336.9,6,460.991066
245.118182,14,461.016952
348.33,1,461.02262
324.452857,7,461.033894
339.78,16,461.074002
-550.0,200,461.359386
391.62,14,461.390301
359.63,11,461.413791
314.727647,17,461.438255
329.385714,22,461.469085
-1388.8,200,461.793373
351.66,2,461.793373
-597.8,200,462.122913
320.78,18,462.13894
336.97,9,462.154159
360.762857,14,462.173377
354.693846,14,462.193484
325.023529,20,462.220767
223.365294,17,462.240058
355.97,9,462.248779
333.97,9,462.248779
-557.72,200,462.515528
283.2,20,462.532269
-583.28,200,462.888651
345.001429,23,462.920038
276.448182,11,462.931855
312.902727,11,462.948206
32.342857,56,463.04561
-16.906667,148,463.315236
258.244615,26,463.366632
342.98,6,463.372652
294.98,6,463.382031
351.66,2,463.382031
362.6,20,463.409494
253.79,15,463.429552
398.28,16,463.447816
230.98,70,464.99001
388.29,13,465.005768
342.448182,11,465.021606
309.14,8,465.037241
342.98,6,465.0459
192.942105,38,465.090905
374.97,9,465.115639
298.448182,11,465.139467
358.32,4,465.145584
349.64,8,465.163028
381.63,11,465.177994
346.62,18,465.203892
355.97,9,465.231238
365.315882,17,465.280593
349.64,8,465.301201
256.71,13,465.330878
338.63,23,465.386899
360.85087,23,465.43684
312.3,10,465.452695
340.94,18,465.514326
373.021765,17,465.568264
238.63,15,465.603882
391.62,14,465.635306
206.775946,43,465.731534
-569.6,200,466.185281
354.99,3,466.197326
330.97,9,466.209268
312.3,10,466.23341
359.42,25,466.298931
334.65,5,466.313426
355.85,21,466.351532
342.3,10,466.36248
146.986923,39,466.423794
226.525263,38,466.483804
363.21,15,466.50921
293.972857,29,466.546337
364.98,6,466.546337
316.98,6,466.568128
359.012857,15,466.602088
-601.2,200,466.911685
361.65,5,466.92216
283.547143,21,466.956478
333.97,9,466.972528
293.975294,34,467.039996
340.6,22,467.07712
315.63,11,467.113923
336.727647,17,467.137571
317.655,16,467.153413
356.443846,13,467.18546
358.32,4,467.187468
354.99,3,467.194435
334.65,5,467.20448
361.65,5,467.213339
329.96,12,467.235323
361.65,5,467.241326
286.95,51,467.345864
327.118696,23,467.383301
334.443846,13,467.413692
323.97,13,467.44909
302.14,12,467.483408
368.31,7,467.511338
280.237742,31,467.600807
315.63,11,467.634265
379.95,15,467.684689
364.448182,11,467.721364
288.52,32,467.804338
379.95,15,467.835495
361.787143,21,467.883726
219.653684,38,467.951429
322.29,13,467.978002
331.072857,21,468.015977
229.108571,24,468.06202
345.516364,12,468.086789
354.99,3,468.088254
340.932857,23,468.127153
285.65,5,468.133574
376.55,11,468.16043
333.71,13,468.178928
319.95,15,468.204916
356.443846,13,468.226279
324.3,10,468.242472
384.96,12,468.26177
329.39,8,468.282469
360.3,10,468.31402
277.262857,24,468.335925
347.266364,11,468.348586
333.97,9,468.359561
370.616923,14,468.392648
288.2,18,468.421171
320.448182,11,468.444565
345.334286,14,468.469525
293.791739,23,468.518784
318.96,12,468.538667
318.47,11,468.55969
295.97,9,468.582769
388.29,13,468.623462
282.82,6,468.6443
288.11,19,468.681696
281.12,48,468.765921
278.1,20,468.801278
-1868.68,200,471.261986
369.03,16,471.304353
333.97,9,471.324935
320.78,18,471.379131
284.366923,13,471.41094
351.66,2,471.412947
398.28,16,471.46033
-188.942414,133,471.848463
362.63,13,471.896793
269.975294,34,472.007908
310.94,18,472.068757
235.608947,19,472.119209
364.98,6,472.137682
345.87,15,472.183477
340.6,22,472.258304
-550.0,200,472.885268
344.433529,17,472.927766
349.95,15,472.974645
339.78,16,473.024591
315.27,24,473.09163
-675.52,200,473.707561
334.94,18,473.759595
388.29,13,473.796245
-606.88,200,474.314663
350.366923,13,474.349785
-418.105466,162,474.776075
280.8225,32,474.866539
347.266364,11,474.893678
324.46,12,474.915868
280.63,35,475.023974
374.97,9,475.055039
322.1,20,475.135553
260.616923,14,475.200576
354.99,3,475.210069
291.105789,19,475.281761
344.433529,17,475.334983
276.761429,23,475.401354
364.98,6,475.422069
303.266364,11,475.451834
368.31,7,475.473855
243.322632,19,475.522746
312.902727,11,475.559705
280.82,6,475.578142
39.617059,81,475.792356
364.98,6,475.813988
348.33,1,475.820302
341.23,7,475.840523
379.95,15,475.91307
358.32,4,475.926721
296.99,31,476.002812
361.17,24,476.057639
361.65,5,476.077453
290.3,10,476.103269
364.448182,11,476.130222
2.443514,105,476.420943
361.65,5,476.431353
332.9,6,476.448288
254.27,19,476.499885
381.733846,26,476.569005
-79.73,149,476.88479
217.997143,14,478.820297
254.96,14,478.853957
355.97,9,478.88366
290.682857,14,478.920682
312.902727,11,478.953869
358.32,4,478.963975
323.334286,14,478.999989
233.595946,37,479.093962
383.655,16,479.130218
318.2,16,479.161672
380.796316,19,479.205088
358.32,4,479.211106
-596.12,200,479.673966
324.597692,13,479.703656
360.3,10,479.730336
376.191429,14,479.757789
327.64,8,479.777182
254.95,15,479.823855
350.366923,13,479.855134
368.31,7,479.883023
335.505789,19,479.933824
361.65,5,479.948367
364.98,6,479.960388
335.15,7,479.973427
322.845714,8,479.987384
369.03,16,480.011501
303.266364,11,480.029459
265.14,8,480.043967
278.87,15,480.073471
327.64,12,480.093
339.787143,21,480.125629
358.32,4,480.133926
311.698182,16,480.161847
173.61,29,480.221422
342.3,10,480.240795
334.682857,14,480.262794
379.95,15,480.304992
348.33,1,480.308557
332.99,3,480.315931
-2580.56,200,480.821991
364.448182,11,480.857088
324.31,7,480.878596
371.64,8,480.894925
352.97,9,480.918799
376.191429,14,480.956384
352.97,9,480.984608
336.9,6,481.001043
394.95,15,481.031578
332.99,3,481.038843
361.65,5,481.051881
291.663333,29,481.105248
383.655,16,481.151643
197.401538,26,481.216459
258.94,18,481.266726
332.94,18,481.340427
378.3,10,481.373746
296.94,18,481.433956
257.19,19,481.490549
368.46,12,481.531471
343.584286,15,481.572064
157.7,25,481.653965
235.89,25,481.749791
304.82,4,481.76096
376.191429,14,481.791366
302.3,10,481.820094
342.98,6,481.837969
374.97,9,481.863709
351.66,2,481.875216
343.186364,11,481.90464
360.762857,14,481.935803
361.65,5,481.954774
289.0,32,482.0356
312.3,10,482.067621
242.835,16,482.109565
356.443846,13,482.143727
291.083333,27,482.215109
228.87,19,482.282224
368.46,12,482.31542
339.78,16,482.366354
358.32,4,482.3804
282.742727,11,482.40754
391.62,14,482.440037
349.64,8,482.466727
323.7,30,482.532951
316.98,6,482.547338
354.99,3,482.553736
342.3,10,482.597002
361.65,5,482.61379
351.66,2,482.61379
-627.96,200,483.106851
307.021765,17,483.138238
318.6,20,483.1857
327.115714,31,483.253132
276.448182,11,483.274836
328.325,16,483.315456
298.25,25,483.384015
351.66,2,483.3898
240.533158,19,483.434761
340.6,20,483.493015
293.63,11,483.519974
328.334545,12,483.545407
324.595714,7,483.55483
361.787143,21,483.603783
361.65,5,483.617055
361.65,5,483.636163
364.95,15,483.677269
373.92,24,483.738311
351.66,2,483.744611
331.14,8,483.764032
302.286923,13,483.796547
-552.92,200,486.1256
355.97,9,486.150028
340.98,6,486.165806
354.99,3,486.177094
346.31,7,486.197592
318.6,20,486.250894
324.452857,7,486.275161
330.084545,11,486.305741
361.787143,21,486.365036
348.33,1,486.37395
361.65,5,486.393851
323.433529,29,486.476038
304.360769,13,486.511317
348.33,1,486.51384
345.334286,14,486.553972
334.65,5,486.567859
296.73,8,486.598432
398.28,16,486.645106
283.155,19,486.689011
336.97,9,486.715741
366.71,13,486.753793
364.448182,11,486.784018
306.366923,13,486.820034
344.645455,22,486.871072
391.62,14,486.908717
312.66,4,486.923724
358.32,4,486.93278
312.3,10,486.96079
293.63,11,486.987508
354.99,3,486.997028
330.084545,11,487.027344
307.39,8,487.049886
-617.4,200,487.62516
306.366923,13,487.664807
342.3,10,487.695724
358.32,4,487.713001
340.98,6,487.731594
274.895714,21,487.793062
269.88,12,487.825146
-664.72,200,488.35833
-505.527317,126,488.706822
345.334286,14,488.738717
342.448182,11,488.757809
340.520769,13,488.791463
240.39,40,488.889864
-557.84,200,489.38625
325.305714,22,489.426075
288.191429,14,489.48283
315.63,11,489.523295
334.65,5,489.538281
368.31,7,489.560545
315.544516,32,489.640254
374.97,9,489.672475
339.162632,19,489.720273
280.452857,7,489.731635
384.96,12,489.75291
379.95,15,489.779111
316.44,20,489.827199
-1828.16,200,490.397699
321.745714,14,490.446373
264.582414,29,490.507647
356.3,10,490.546358
310.735714,21,490.587384
398.28,16,490.616536
-676.72,200,490.994699
352.97,9,491.028138
-623.64,200,493.960554
302.884615,26,494.022361
309.14,8,494.035505
354.99,3,494.041578
325.155,16,494.091008
316.98,6,494.107399
294.22,10,494.118776
359.63,11,494.146235
303.292857,11,494.168234
372.95,15,494.190197
334.65,5,494.195949
348.33,1,494.200595
-1609.92,200,494.585665
348.33,1,494.601982
342.98,6,494.620289
242.805455,22,494.676994
326.82,4,494.690159
369.03,16,494.736029
355.97,9,494.771024
372.691429,16,494.821867
260.302609,36,494.91778
347.03,16,494.954862
93.608049,41,495.097313
358.32,4,495.1115
269.575,16,495.161989
336.9,6,495.181589
339.65,5,495.201692
320.3,10,495.241569
148.888049,41,495.416098
-582.6,200,496.388
380.796316,19,496.45136
249.63,11,496.483309
373.22,10,496.52169
250.94,18,496.599783
360.3,10,496.643774
269.6,20,496.714674
353.322632,19,496.790296
333.97,9,496.821874
335.67,24,496.893558
273.585789,19,496.95188
325.266364,11,496.991127
357.262857,16,497.026386
354.99,3,497.037413
338.3,10,497.063931
361.65,5,497.08445
323.87,15,497.144061
334.65,5,497.160558
355.97,9,497.227625
297.81,9,497.271789
358.32,4,497.291003
342.448182,11,497.33533
-1327.730339,177,497.823979
-561.84,200,498.318183
358.86,20,498.367566
-578.68,200,498.793254
352.97,9,498.80633
258.597692,13,498.823933
334.65,5,498.83258
346.487647,17,498.857824
345.334286,14,498.873894
336.97,9,498.890407
289.106364,11,498.922187
316.273529,25,498.986602
346.452857,7,499.00183
334.65,5,499.009367
337.8,12,499.038545
371.64,8,499.065221
364.98,6,499.084816
364.95,15,499.130518
364.448182,11,499.164312
342.448182,11,499.185244
83.25,45,499.297232
309.14,8,499.314346
298.448182,11,499.349592
240.02,20,499.403026
382.85,21,501.847258
317.97,9,501.870075
355.97,9,501.89798
334.65,5,501.902979
354.99,3,501.905979
358.32,4,501.915754
351.66,2,501.920754
368.31,7,501.935763
57.337647,76,502.097596
381.46,14,502.115242
293.19,19,502.147694
384.96,12,502.166522
300.358571,21,502.202995
360.3,10,502.217276
361.65,5,502.223277
247.61,17,502.277467
365.663333,29,502.348005
282.941429,17,502.409196
325.825714,14,502.448215
364.95,16,502.493465
337.835789,20,502.548222
342.3,10,502.575683
356.443846,13,502.613074
281.62,14,502.657308
320.3,10,502.679024
-748.32,200,503.131072
351.66,2,503.131072
352.97,9,503.162402
348.33,1,503.164629
318.698182,12,503.195748
259.75,35,503.281544
258.597692,13,503.311932
360.3,10,503.33033
-757.72,200,503.698899
361.65,5,503.703954
361.65,5,503.712814
317.23,7,503.728469
379.95,15,503.743767
292.206923,13,503.763184
376.191429,14,503.783714
295.72,36,503.851938
360.3,10,503.869988
368.46,12,503.898387
356.443846,13,503.915851
342.448182,11,503.92768
214.89,53,504.050247
304.197692,13,504.08093
358.32,4,504.092965
268.65,5,504.094943
274.63,15,504.141247
342.3,10,504.165042
282.762857,46,504.295511
349.95,15,504.328306
315.745714,14,504.379388
-1821.12,200,504.813933
364.95,15,504.866938
381.63,11,504.897144
-632.28,200,505.325572
347.03,16,505.36833
289.227647,19,505.40076
146.46,18,505.428607
-550.0,200,505.762527
352.97,9,505.770545
215.52,36,505.865834
364.98,6,505.880711
271.63,15,505.92039
-1468.92,200,508.336936
193.62,30,508.390115
333.97,9,508.4105
329.96,12,508.426343
271.63,11,508.4409
374.97,9,508.473794
293.63,11,508.498329
391.62,14,508.539876
358.727647,17,508.566936
320.54,14,508.594653
361.65,5,508.599661
334.65,5,508.613962
190.26,99,508.790541
371.64,8,508.810632
337.63,11,508.829328
341.2,20,508.861153
356.443846,13,508.881833
266.78,20,508.91576
108.78,52,509.029958
362.94,18,509.055088
158.89,85,509.209386
350.366923,13,509.241779
361.65,5,509.255767
281.266364,11,509.282016
-651.56,200,509.746998
369.62,14,509.788653
377.85,25,509.834627
248.440769,13,509.867423
368.31,7,509.892155
351.66,2,509.896183
128.93,45,510.021003
368.46,12,510.060609
-2134.6,200,510.598653
380.796316,19,510.617718
301.368947,19,510.679586
280.452857,7,510.704547
351.66,2,510.712549
334.65,5,510.728898
302.595714,7,510.750376
298.448182,11,510.784436
173.145714,22,510.840061
320.49,5,510.853193
376.191429,14,510.931245
361.65,5,511.042801
-2831.2,200,511.652764
302.452857,7,511.676906
376.191429,14,511.70471
347.656364,22,511.776625
291.48,10,511.807785
384.96,12,511.847592
266.8,12,511.867966
316.762857,14,511.910041
361.65,5,511.915041
324.595714,7,511.930655
357.6,20,511.966906
388.358571,21,512.032595
334.3,10,512.06038
334.65,5,512.073383
368.31,7,512.085841
379.95,15,512.11625
-587.12,200,512.571011
-621.52,200,513.02296
358.32,4,513.038166
-562.88,200,515.783
303.57,33,515.839322
356.443846,13,515.867869
-1802.56,200,516.265742
284.366923,13,516.299568
318.96,12,516.340748
159.641176,34,516.434801
311.97,9,516.449133
324.31,7,516.479317
317.97,9,516.499303
368.31,7,516.519306
374.97,9,516.532665
320.78,18,516.587684
279.87,15,516.6086
361.65,5,516.623657
310.191429,14,516.648913
302.46,12,516.682194
281.98,27,516.749821
388.29,13,516.774361
385.11,19,516.820808
266.28,16,516.868455
318.6,20,516.930296
316.98,6,516.947306
391.62,14,516.992148
372.691429,16,517.038822
364.98,6,517.056221
302.595714,7,517.076703
368.31,7,517.092
364.448182,11,517.11613
379.95,15,517.169369
358.32,4,517.186297
306.18,30,517.273507
369.03,16,517.325026
342.448182,11,517.350166
350.366923,13,517.384816
340.520769,13,517.411722
348.78,18,517.465469
-1149.222143,112,517.801588
339.65,5,517.819728
356.2,16,517.863474
294.89,9,517.89293
43.082857,28,517.971667
272.272069,29,518.059586
368.31,7,518.079105
309.38,12,518.110107
308.57,5,518.129032
342.95,15,518.171708
272.97,40,518.295723
342.98,6,518.312845
337.8,12,518.342553
325.62,14,518.37915
320.98,6,518.399115
329.39,8,518.415445
330.97,9,518.446105
360.762857,14,518.496382
359.9,6,518.514841
172.725455,22,518.59646
326.360769,13,518.65044
364.95,15,518.690158
379.95,15,518.732094
341.254286,14,518.77115
-605.84,200,519.36481
358.32,4,519.380929
368.46,12,519.412234
285.2,52,519.5384
342.98,6,519.546289
355.85,21,519.6043
329.39,8,519.621327
362.96,12,519.65892
340.520769,13,519.696186
342.98,6,519.714557
346.452857,7,519.726829
336.32,4,519.732787
307.65,5,519.748019
-721.88,200,520.133756
334.443846,13,520.167705
329.96,12,520.192848
368.46,12,520.228362
376.191429,14,520.267821
337.23,8,520.284209
338.762857,14,520.305685
354.99,3,520.311886
319.254286,14,520.340565
352.97,9,520.365896
304.82,4,520.378945
-73.789474,96,520.629599
323.334286,14,520.652451
288.191429,14,520.679187
381.63,11,520.729755
369.62,14,520.826482
284.366923,13,523.271022
380.796316,19,523.316505
368.46,12,523.346671
307.905714,14,523.357298
346.45,17,523.411993
300.98,8,523.427803
361.65,5,523.455353
-560.72,200,523.743266
336.32,4,523.75761
342.3,10,523.777008
-532.44,200,524.098293
-1528.44,200,524.377782
335.215714,21,524.418481
346.31,7,524.428245
280.31,7,524.435247
331.14,8,524.445879
316.83,19,524.466897
394.95,15,524.484534
273.162632,19,524.504103
398.28,16,524.531459
360.3,10,524.563295
360.3,10,524.579294
322.74,4,524.579294
204.545263,20,524.610684
260.616923,14,524.632436
319.2,20,524.658304
351.66,2,524.6728
354.99,3,524.67991
346.452857,7,524.687834
361.65,5,524.690341
356.57,5,524.690341
320.79,15,524.72823
333.97,9,524.744522
342.3,10,524.760066
-588.36,200,525.104414
361.65,5,525.113011
289.97,9,525.136972
336.97,9,525.158165
406.52,20,525.195005
67.05,21,525.224951
341.202857,10,525.239554
356.987273,22,525.273027
281.62,14,525.312901
353.322632,19,525.356357
-1425.56,200,525.71971
317.1,20,525.778564
-745.36,200,526.132235
334.690769,14,526.164429
336.97,9,526.186413
-1408.6,200,526.545572
293.63,11,526.554471
344.1,20,526.587615
364.98,6,526.592942
344.29,13,526.61044
294.98,6,526.626112
329.66,2,526.626112
287.12,20,526.657862
373.92,24,526.706106
361.65,5,526.719192
316.98,6,526.722242
398.28,16,526.745754
336.97,9,528.389739
360.037143,22,528.439843
278.29,13,528.465963
374.441429,15,528.488729
267.825,17,528.522132
-515.04,200,528.791487
315.63,11,528.820914
154.89,25,528.851
318.96,12,528.875685
342.448182,11,528.891415
-538.68,200,529.241031
-680.28,200,529.617392
372.366923,13,529.633248
347.266364,11,529.649396
368.941765,17,529.67738
333.094286,14,529.705374
258.94,18,529.746281
361.65,5,529.760322
326.82,4,529.771456
251.787143,21,529.850296
306.14,10,529.872406
293.63,11,529.904558
266.292857,7,529.926492
335.019231,29,530.007685
361.65,5,530.013155
295.655,16,530.056471
361.65,5,530.074654
317.1,20,530.124608
342.448182,11,530.149222
351.66,2,530.153036
-1637.24,200,530.661039
340.98,6,530.678856
358.32,4,530.692546
364.98,6,530.706944
288.53,16,530.763031
329.66,2,530.771087
334.443846,13,530.799789
368.31,7,530.799789
358.32,4,530.81108
356.987273,22,530.844317
336.32,4,530.850399
16.459565,143,531.202787
372.366923,13,531.243562
373.021765,17,531.28484
335.024783,23,531.346743
-538.68,200,531.797522
330.084545,11,531.82764
350.325,16,531.871505
246.75,63,531.998943
334.3,10,532.014893
228.47,53,532.127761
351.66,2,532.135408
-600.04,200,532.632424
384.96,12,532.670866
358.32,4,532.677865
223.22,12,532.704373
324.94,18,532.746711
312.9,6,532.752824
216.158182,44,534.495122
391.62,14,534.523259
-2159.48,200,534.869293
354.99,3,534.884647
327.64,8,534.936866
262.511429,22,535.010556
238.360769,13,535.050565
339.65,5,535.058099
328.325,16,535.076028
369.03,16,535.105188
325.62,14,535.12826
-33.395294,108,535.323736
275.298571,15,535.35366
348.33,1,535.35366
358.32,4,535.36491
379.95,15,535.399832
365.896364,22,535.445472
303.62,16,535.485986
287.154545,22,535.531528
302.3,10,535.551899
265.14,8,535.568554
338.368182,11,535.593656
320.98,6,535.605695
358.32,4,535.615834
318.96,12,535.638908
313.89,9,535.659864
330.6,20,535.70238
307.021765,17,535.741635
262.366923,13,535.771982
351.66,2,535.778838
354.99,3,535.78337
235.059474,19,535.823987
315.99,3,535.839939
296.520769,13,535.879289
242.86,18,535.916894
256.847692,14,535.94367
204.0975,58,536.028499
354.99,3,536.028499
303.03,16,536.068178
284.691429,16,536.094201
368.31,7,536.106136
320.06,12,536.107962
351.66,2,536.122005
361.65,5,536.127473
330.363846,13,536.137954
-607.44,200,536.386279
252.98,6,536.392763
329.39,8,536.414238
251.787143,21,536.449601
21.87,183,536.820715
328.311429,28,536.867405
358.32,4,536.871409
358.32,4,536.875411
272.762857,14,536.898347
351.66,2,536.902357
328.366923,13,536.9226
391.62,14,536.940653
287.14,8,536.945309
364.448182,11,536.963724
-651.48,200,537.344484
317.23,7,537.360602
351.66,2,537.36631
358.32,4,537.380326
332.87,16,537.415716
374.97,9,537.447666
280.47,15,537.494956
286.084545,11,537.519663
73.103115,65,537.669091
344.433529,17,537.719683
332.94,18,537.755416
336.97,9,537.770741
292.32,4,537.775801
348.616923,14,537.807697
200.647647,17,537.851079
359.63,11,537.877189
374.97,9,537.934332
331.072857,21,538.03792
168.619831,59,538.289831
333.97,9,538.327031
352.97,9,538.348053
353.322632,19,538.382706
312.443846,13,538.414246
222.54,18,538.447368
318.96,12,538.472539
347.266364,11,538.503797
318.6,20,538.562083
225.215714,21,538.612388
359.42,25,538.671548
263.021765,17,541.088814
264.26,30,541.148549
339.585789,19,541.203881
336.97,9,541.229568
344.1,20,541.2905
358.32,4,541.307013
358.727647,17,541.342041
332.292857,7,541.348055
351.39,8,541.357094
213.783077,26,541.391068
316.98,6,541.397087
303.266364,11,541.411392
369.03,16,541.436297
358.32,4,541.444293
364.98,6,541.455292
324.597692,13,541.491097
364.95,15,541.527086
214.602857,14,541.562639
303.03,16,541.57107
288.773684,38,541.630923
336.32,4,541.638539
-553.92,200,541.933566
273.162632,19,541.970884
204.977273,33,542.044137
342.448182,11,542.055031
290.94,18,542.10427
344.433529,17,542.142617
359.56,12,542.169821
330.084545,11,542.194673
331.322632,19,542.224543
313.95,15,542.244769
39.139677,79,542.412452
329.39,8,542.426375
384.96,12,542.442424
338.3,10,542.451424
318.9,8,542.464875
113.85,45,542.524364
364.95,15,542.545827
362.96,12,542.561552
303.155,16,542.590125
381.63,11,542.614135
258.94,18,542.650875
-636.76,200,543.029597
361.65,5,543.040083
324.452857,7,543.052091
374.97,9,543.072272
-652.24,200,543.520298
360.762857,14,543.55375
293.63,11,543.575852
264.97,9,543.593855
348.33,1,543.596857
260.94,18,543.630682
317.65,5,543.643101
338.3,10,543.66058
223.12,20,543.705607
264.084545,11,543.719766
280.46,12,543.746477
380.796316,19,543.791207
256.71,13,543.823219
310.94,18,543.875197
334.443846,13,543.909979
344.433529,17,543.943214
206.49,25,543.985635
349.242632,19,544.021662
360.762857,14,544.052867
348.33,1,544.055547
302.46,12,544.084085
268.443846,13,544.11774
338.770769,14,544.147773
-1443.52,200,544.606608
154.925,17,544.646788
312.958696,23,544.722631
273.585789,19,544.783065
381.63,11,544.820679
346.941765,17,544.870849
277.280769,17,544.924634
367.059474,19,544.957759
372.366923,13,544.980733
322.433529,17,545.006212
344.92,26,545.042617
369.937826,23,545.089958
378.987273,22,545.130697
289.97,9,545.151867
319.254286,14,545.183746
381.63,11,547.066383
381.63,11,547.091712
368.46,12,547.120835
351.09,25,547.176728
307.65,5,547.195167
354.99,3,547.204437
144.76,62,547.350528
358.32,4,547.367125
293.63,11,547.413025
358.32,4,547.417561
298.372857,7,547.437767
306.860968,31,547.499911
347.266364,11,547.512802
368.31,7,547.517102
342.98,6,547.533803
334.443846,13,547.574726
260.94,18,547.60381
348.33,1,547.60381
-604.92,200,548.033789
-661.76,200,548.4079
235.87,15,548.431291
376.94,18,548.478932
320.98,6,548.490777
303.492632,20,548.514215
357.6,20,548.539198
358.32,4,548.543205
332.89,9,548.568
339.65,5,548.575211
262.366923,13,548.602487
294.98,6,548.61637
322.543636,22,548.667886
348.94,18,548.715188
368.866923,15,548.769153
268.948571,28,548.877232
322.285714,28,548.940448
317.23,7,548.952532
286.441429,15,548.963519
342.448182,11,548.982742
328.533158,19,549.019492
320.22,10,549.047314
302.738571,7,549.058864
371.64,8,549.064079
-3396.96,200,549.404569
-2819.48,200,549.673225
361.65,5,549.681794
320.98,6,549.691039
350.366923,13,549.708519
339.787143,21,549.729982
364.98,6,549.74334
342.448182,11,549.759554
352.97,9,549.770213
290.987273,22,549.807442
369.03,16,549.828101
342.683529,18,549.847374
370.992857,21,549.87995
351.96,12,549.904636
276.283846,13,549.919533
239.73,25,549.958447
354.99,3,549.961791
283.632609,25,549.99741
317.97,9,549.999249
360.3,10,550.023613
354.99,3,550.025616
304.623636,22,550.068739
368.31,7,550.085176
354.22,10,550.098175
357.262857,16,550.122691
365.896364,22,550.147155
351.66,2,550.147155
331.322632,19,550.173942
372.366923,13,550.195746
308.97,9,550.2236
315.99,3,550.230737
348.33,1,550.234002
358.32,4,550.244346
329.39,8,550.260143
356.443846,13,550.296769
320.535517,29,550.383993
303.266364,11,550.417182
326.82,4,550.429307
361.65,5,550.447971
332.191429,14,550.490627
333.19,19,550.545849
277.026154,26,550.632109
329.96,12,550.661961
265.001176,34,550.7981
376.191429,14,550.838209
336.97,9,550.871846
376.191429,14,550.915585
114.415,71,551.054725
368.31,7,551.071885
356.987273,22,551.121017
381.63,11,551.143851
-548.84,200,552.983911
374.97,9,552.999577
319.347692,16,553.025614
358.32,4,553.037634
327.64,8,553.051312
302.46,12,553.073375
348.33,1,553.073375
368.31,7,553.083327
312.3,10,553.094592
309.174286,14,553.114886
258.597692,13,553.130762
364.98,6,553.143737
-165.725349,43,553.214211
295.655,16,553.251786
381.63,11,553.269623
325.155,16,553.293797
348.33,1,553.295808
352.97,9,553.305867
362.96,12,553.321525
342.3,10,553.343657
353.322632,19,553.385809
324.64,12,553.404052
361.787143,21,553.431984
244.191429,14,553.453623
329.39,8,553.462676
378.3,10,553.471676
322.29,13,553.475679
361.65,5,553.493342
-146.326301,114,553.638393
358.32,4,553.642395
336.32,4,553.642395
326.689231,28,553.696581
336.9,6,553.705157
323.334286,14,553.709253
324.31,7,553.730664
374.97,9,553.738657
334.55,35,553.796334
348.94,18,553.826455
300.974516,31,553.86119
374.97,9,553.877815
235.16,36,553.927817
364.95,15,553.954693
384.96,12,553.978954
289.97,9,553.99499
345.334286,14,554.013639
306.937692,15,554.044348
346.31,7,554.074252
279.472105,19,554.125889
341.23,7,554.144889
328.533158,19,554.177311
349.64,8,554.204104
361.65,5,554.207134
318.96,12,554.251628
315.63,11,554.272635
298.448182,11,554.286665
372.366923,13,554.306331
279.123636,24,554.337693
312.95,15,554.362386
374.97,9,554.370387
360.762857,14,554.386132
328.288182,11,554.397695
320.49,5,554.404417
398.28,16,554.431064
360.3,10,554.442527
364.448182,11,554.45456
370.616923,14,554.474406
300.937143,32,554.526082
345.334286,14,554.547167
271.63,11,554.559664
320.98,6,554.559664
322.253333,28,554.608531
352.97,9,554.608531
358.32,4,554.628055
364.95,15,554.642479
354.99,3,554.652318
388.358571,21,554.679924
361.65,5,554.690944
356.3,10,554.709055
312.9,6,554.723758
346.31,7,554.737775
331.14,8,554.758199
336.32,4,554.758199
355.97,9,554.786046
346.31,7,554.802615
147.462609,80,554.918729
240.792727,28,554.953862
292.186364,15,554.982579
384.96,12,554.99919
291.79,15,555.025391
310.191429,14,555.053093
354.99,3,555.060073
330.6,20,555.098569
384.96,12,555.117558
371.64,8,555.118562
359.63,11,555.152881
281.191429,18,555.192277
376.191429,14,555.207921
346.31,7,555.228645
362.96,12,555.25007
391.62,14,555.275328
315.8,12,555.291028
348.33,1,555.293008
376.94,18,555.30976
278.29,13,555.323226
339.65,5,555.334039
371.64,8,555.345376
256.348947,21,555.379575
358.32,4,555.384277
369.937826,23,555.415525
379.95,15,555.433005
346.31,7,555.442178
341.254286,14,555.442178
344.433529,17,555.476369
369.937826,23,555.50289
364.448182,11,555.518861
359.012857,15,555.544403
320.98,6,555.550414
345.697826,23,555.588228
-22.003333,169,555.861129
216.08,41,557.795693
289.97,9,557.808659
391.62,14,557.832997
197.951739,23,557.880388
312.347692,20,557.921406
388.29,13,557.943323
312.902727,11,557.964896
283.1,20,557.995559
317.8,14,558.013103
391.62,14,558.040961
316.98,6,558.048339
371.1,20,558.086763
-552.92,200,558.446186
351.39,8,558.496193
-791.76,200,558.854771
381.905,17,558.872165
300.123846,13,558.89649
276.004286,21,558.927664
381.63,11,558.946037
335.215714,21,558.979746
330.97,9,558.987777
293.845714,12,558.991461
249.979412,17,559.023093
346.31,7,559.039944
302.738571,7,559.063116
388.29,13,559.091563
347.62,14,559.110034
360.3,10,559.12667
-613.64,200,559.460977
354.99,3,559.460977
-45.383333,27,559.492758
368.286923,13,559.524493
348.33,1,559.538228
347.266364,11,559.555969
346.31,7,559.566111
351.66,2,559.568114
264.23,51,559.621774
209.330909,36,559.670274
361.65,5,559.67743
289.892857,29,559.698434
298.804615,26,559.736008
368.31,7,559.74709
361.17,24,559.777321
345.87,15,559.805586
336.32,4,559.810588
298.7,40,559.867509
365.315882,17,559.886697
-1253.28,200,560.221779
331.322632,19,560.275008
305.64,8,560.297117
354.99,3,560.30672
62.709565,88,560.425424
350.72,12,560.443057
358.32,4,560.44881
170.826667,28,560.48073
384.96,12,560.502856
337.964545,23,560.528373
357.262857,16,560.560426
360.762857,14,560.591079
329.39,8,560.608542
324.595714,7,560.621635
352.97,9,560.631642
216.576667,27,560.672107
189.861176,64,560.752529
384.96,12,560.779588
356.443846,13,560.797403
361.65,5,560.802098
388.29,13,560.818722
302.3,10,560.827043
369.89,9,560.853488
354.99,3,560.858505
284.366923,13,560.880636
364.98,6,560.890331
322.29,13,560.915236
324.597692,13,560.936056
369.03,16,560.955081
358.32,4,560.962229
314.32,4,560.966131
356.3,10,560.980426
365.896364,22,561.015361
324.595714,7,561.026481
289.97,9,561.041398
364.98,6,561.049396
314.32,4,561.058093
355.85,21,561.100341
312.443846,13,561.119435
326.82,6,561.129184
247.61,17,563.182484
316.784783,23,563.252105
336.32,4,563.270761
326.82,4,563.282864
327.64,8,563.301309
335.46,12,563.333648
326.82,4,563.350954
364.98,6,563.371047
346.452857,7,563.395164
288.55,11,563.426003
354.647647,17,563.477631
361.787143,21,563.531917
264.084545,11,563.558918
358.32,4,563.568261
352.97,9,563.594858
289.97,9,563.622183
359.63,11,563.652421
342.95,16,563.694086
343.186364,11,563.725922
340.98,6,563.740751
354.99,3,563.750455
369.03,16,563.791337
374.97,9,563.81752
295.161176,34,563.905939
276.95,15,563.946047
296.269231,26,564.018296
342.98,6,564.034026
332.022857,20,564.093904
360.762857,14,564.125885
348.97,13,564.159663
337.23,8,564.177715
173.917143,14,564.21663
308.6,20,564.285289
340.26,24,564.358261
-1432.2,200,564.931776
320.448182,11,564.96789
353.322632,19,565.043758
259.03,16,565.094066
336.440769,13,565.125318
371.64,8,565.14131
334.65,5,565.15715
394.95,15,565.194675
346.31,7,565.216005
336.32,4,565.222029
378.987273,22,565.275317
359.012857,15,565.321818
342.599231,27,565.384908
395.763913,23,565.428311
357.6,20,565.47713
361.65,5,565.491734
272.762857,14,565.538929
346.31,7,565.563898
354.99,3,565.564646
308.35,25,565.643158
356.443846,13,565.674312
184.288182,43,565.789663
214.826667,28,565.868065
349.64,8,565.891403
356.443846,13,565.930948
300.863529,20,565.987393
256.348947,21,566.042456
292.727647,17,566.09415
328.334545,12,566.127314
336.97,9,566.151781
342.952857,9,566.172938
360.3,10,566.196996
264.12,20,566.245404
360.762857,14,566.285918
303.266364,11,566.310118
320.79,15,566.340735
361.65,5,566.355762
283.054516,31,566.437079
210.79,15,566.485241
372.95,15,566.533596
324.3,10,566.56111
279.93,25,566.649507
353.322632,19,566.701361
307.685294,17,566.762305
378.3,10,566.79725
278.29,13,566.838724
346.452857,7,566.860631
344.433529,17,566.921656
322.55,11,566.953669
379.95,15,567.007397
384.96,12,567.048062
225.6,20,567.10632
300.29,13,567.150655
391.62,14,567.192882
340.98,6,567.213528
359.63,11,567.259799
369.03,16,567.305415
344.7,18,567.354472
351.66,2,567.361394
340.933529,19,567.406628
361.17,24,567.475344
350.325,16,567.520131
356.3,10,567.544319
348.2,16,567.585924
331.14,8,567.610147
280.46,12,567.653495
317.65,5,567.697254
361.65,5,567.774439
351.66,2,567.799954
381.63,11,567.899861
271.525294,17,567.964612
355.97,9,567.985418
277.315882,17,568.023227
361.65,5,568.027934
306.808235,34,568.121965
376.191429,14,568.156085
371.64,8,568.175629
361.65,5,568.185266
324.254545,12,568.217857
358.727647,17,568.255218
368.31,7,568.267568
319.95,15,568.297245
394.95,15,568.302792
374.97,9,568.33456
299.247692,26,568.382386
324.452857,7,568.400181
354.99,3,568.402188
294.97,45,568.446626
341.202857,10,568.469213
284.192069,29,568.515888
320.3,10,568.525913
326.2,16,568.552893
153.998966,29,568.588758
289.152727,12,568.611495
349.64,8,568.620326
354.99,3,568.629066
351.39,8,568.636276
354.99,3,568.636276
331.14,8,568.65234
398.28,16,568.675223
354.99,3,568.677233
347.03,16,568.705483
352.805455,22,570.469579
156.688621,41,570.572458
335.46,12,570.602668
364.448182,11,570.631809
361.65,5,570.643816
271.86,30,570.715847
327.95,15,570.753328
348.33,1,570.755317
248.1,30,570.833141
388.29,13,570.863439
340.94,18,570.910437
286.97,9,570.92825
305.64,8,570.944365
359.63,11,570.967817
388.29,13,571.006633
348.33,1,571.009751
335.46,12,571.022527
-670.44,200,571.386646
373.92,24,571.430281
351.39,8,571.444922
371.64,8,571.453911
328.325,16,571.472157
8.992308,112,571.701267
280.31,7,571.721576
334.65,5,571.736144
263.905714,14,571.771587
351.66,2,571.777679
-2744.0,200,572.136831
372.366923,13,572.159526
337.835789,20,572.193209
-527.36,200,572.550945
173.99,43,572.591452
272.762857,14,572.622024
334.71,16,572.666127
346.14,10,572.681087
288.405,16,572.691741
378.3,10,572.705921
334.443846,13,572.724292
254.27,19,572.761684
283.1,20,572.77715
367.059474,19,572.809015
-620.48,200,573.15616
272.94,18,573.186264
354.99,3,573.193505
338.762857,14,573.22198
298.448182,11,573.245152
314.32,4,573.255815
364.98,6,573.267686
342.98,6,573.279457
-2398.68,200,573.558302
352.97,9,573.577543
381.63,11,573.600898
344.433529,17,573.637453
330.97,9,573.660997
374.97,9,573.680713
354.693846,14,573.720631
316.98,6,573.73622
-557.84,200,574.130244
314.477143,14,574.157103
376.191429,14,574.184068
307.96,12,574.210058
342.05,13,574.24009
368.31,7,575.887902
364.95,15,575.914692
360.762857,14,575.938241
358.32,4,575.945684
243.322632,19,575.983578
364.448182,11,576.006916
376.94,18,576.042137
368.31,7,576.054362
318.26,24,576.103517
346.452857,7,576.119952
322.567647,17,576.14752
374.97,9,576.166784
384.96,12,576.185122
315.35,21,576.219774
358.32,4,576.226718
318.6,20,576.252556
331.322632,19,576.292853
349.44,20,576.334675
313.95,15,576.363851
346.31,7,576.373534
369.03,16,576.40363
291.95,15,576.430471
360.3,10,576.460247
345.516364,12,576.483638
374.97,9,576.496907
351.66,2,576.500907
379.95,15,576.533248
378.3,10,576.559147
288.191429,14,576.586616
244.73,25,576.642346
364.98,6,576.656393
311.97,9,576.677912
309.072857,21,576.726347
336.32,4,576.737305
327.64,8,576.752275
286.97,9,576.772375
360.3,10,576.792272
369.03,16,576.826374
192.826667,28,576.875382
354.3,12,576.898257
381.63,11,576.920628
358.796316,19,576.948004
316.3,10,576.967899
364.448182,11,576.985715
291.95,15,577.009004
258.46,12,577.02917
356.987273,22,577.070124
359.63,11,577.087775
335.46,12,577.105781
278.1,20,577.131822
310.191429,14,577.157614
347.03,16,577.185339
384.6,20,577.228013
360.3,10,577.239943
376.191429,14,577.265749
356.443846,13,577.297601
358.32,4,577.305151
369.62,14,577.325677
329.96,12,577.346501
348.33,1,577.348608
312.533846,30,577.404921
324.3,10,577.424773
358.32,4,577.432827
302.452857,7,577.447854
360.3,10,577.463471
353.322632,19,577.495392
369.937826,23,577.531768
348.33,1,577.53384
360.3,10,577.547924
334.65,5,577.556028
316.975714,21,577.584273
347.03,16,577.608763
233.71,15,577.630522
324.595714,7,577.640462
379.95,15,577.676667
334.443846,13,577.712642
326.82,4,577.719045
310.89,8,577.746207
384.96,12,577.765137
351.66,2,577.768482
290.443846,13,577.790059
346.46,12,577.812853
354.99,3,577.817612
322.92,26,577.855481
322.16,28,577.900386
306.389412,18,577.932108
339.65,5,577.941136
326.79,15,577.969545
309.14,8,577.988172
39.247692,26,578.041394
-1371.8,200,578.518424
320.448182,11,578.53512
364.448182,11,578.563181
381.63,11,578.593055
360.762857,14,578.619733
317.65,5,578.62866
324.3,10,578.64561
347.266364,11,578.670623
212.31,11,578.695783
361.65,5,578.706589
358.32,4,578.713881
368.31,7,578.726762
325.62,14,578.751864
336.32,4,578.762509
351.66,2,578.765577
267.29,21,578.803493
346.31,7,578.81918
361.65,5,578.828266
306.567647,17,578.856943
355.97,9,578.872872
314.229412,18,578.906996
340.98,6,578.920054
330.97,9,578.93703
376.191429,14,578.970686
326.82,4,578.977417
357.95,15,579.013086
324.3,10,579.039587
330.6,20,579.085617
388.29,13,579.114662
254.448182,11,579.136157
381.63,11,579.157442
-583.64,200,579.546134
306.325,16,579.567942
265.128947,19,579.595782
334.95,15,579.618487
342.448182,11,579.636174
339.65,5,579.644488
346.31,7,579.661099
259.03,16,579.69874
346.31,7,579.713955
314.47,11,579.73721
349.64,8,579.758026
-1486.6,200,581.802756
281.19,19,581.850314
335.46,12,581.875274
247.144286,31,581.941388
332.360769,13,581.969051
348.33,1,581.970053
316.98,6,581.981714
284.366923,13,582.017004
358.796316,19,582.046855
351.66,2,582.05013
349.64,8,582.063555
321.51,24,582.100406
106.635946,37,582.16442
332.99,3,582.170724
311.265789,19,582.201319
374.97,9,582.216001
348.501429,21,582.264829
334.3,10,582.281561
351.021765,17,582.30511
326.82,4,582.30511
347.03,16,582.336719
371.64,8,582.355741
391.62,14,582.375036
336.97,9,582.391883
349.95,15,582.419055
305.659412,17,582.439576
353.322632,19,582.465159
175.25,85,582.590457
280.31,7,582.590457
231.247021,47,582.669839
322.29,13,582.685644
347.03,16,582.701617
278.1,20,582.735168
303.81,9,582.750987
360.3,10,582.768533
314.32,4,582.776838
351.66,2,582.781592
280.46,12,582.800228
342.3,10,582.81482
349.95,15,582.839838
-580.36,200,583.169486
384.96,12,583.200719
286.97,9,583.213446
348.33,1,583.213446
242.805455,22,583.266475
360.368182,11,583.279818
323.56,9,583.294377
303.155,16,583.322435
351.66,2,583.326431
342.3,10,583.343775
354.99,3,583.351443
331.14,8,583.367214
352.97,9,583.39092
286.97,9,583.395942
373.92,24,583.447826
384.96,12,583.470684
314.32,4,583.476687
318.98,6,583.486607
374.97,9,583.502618
299.8,12,583.515031
294.44,20,583.5502
374.97,9,583.560201
291.46,12,583.575409
334.65,5,583.580228
368.31,7,583.588892
311.97,9,583.606989
349.64,8,583.620087
348.33,1,583.62109
318.520769,13,583.6359
379.95,15,583.659724
240.915,16,583.684727
265.322632,19,583.71064
284.366923,13,583.731623
273.720909,11,583.74862
347.266364,11,583.768669
388.29,13,583.785782
270.97,9,583.799798
292.88,12,583.817791
296.1,32,583.869779
250.94,18,583.898385
384.96,12,583.920145
326.82,4,583.926174
388.29,13,583.950829
114.598947,102,584.123257
352.97,9,584.144108
358.32,4,584.145499
358.206923,13,584.159973
302.452857,7,584.175998
374.97,9,584.191745
295.17,25,584.232872
346.31,7,584.24955
351.66,2,584.253091
374.97,9,584.267999
361.65,5,584.27699
214.348947,45,584.351369
339.65,5,584.360167
309.322632,19,584.391903
354.99,3,584.397781
276.3,10,584.410253
314.9,6,584.425702
354.99,3,584.435624
236.94,18,584.472302
347.03,16,584.510211
-39.31871,32,584.597482
364.98,6,584.613868
331.322632,19,584.657801
328.311429,28,584.707507
372.366923,13,584.734779
359.63,11,584.754007
364.98,6,584.763721
364.98,6,584.768796
345.334286,14,584.791295
351.66,2,584.7958
354.99,3,584.800803
351.66,2,584.803791
358.32,4,584.808572
358.32,4,584.81727
367.059474,19,584.862053
364.448182,11,584.895828
381.733846,26,584.956697
293.63,11,584.983988
356.22,10,584.995781
347.03,16,585.021946
361.65,5,585.02956
336.32,4,585.035557
317.65,5,585.041693
305.06,8,585.054993
335.22,10,585.068187
306.366923,13,585.077855
307.65,5,585.09794
335.262857,16,586.733977
358.32,4,586.743079
351.39,8,586.759027
250.87,15,586.800957
366.29,13,586.837701
284.541818,44,586.970813
324.3,10,586.986985
347.03,16,587.03274
265.14,8,587.041246
324.595714,7,587.079067
359.012857,15,587.133218
368.31,7,587.162594
-615.851034,196,587.726402
358.32,4,587.73702
314.32,4,587.751311
312.3,10,587.774803
35.442069,58,587.901948
355.97,9,587.919435
348.33,1,587.923439
324.7,18,587.966008
364.98,6,587.975642
326.82,4,587.981754
342.448182,11,587.997998
326.82,4,588.002008
398.28,16,588.030738
342.448182,11,588.053381
302.452857,7,588.078542
137.27,27,588.124358
384.96,12,588.150568
374.97,9,588.163577
374.97,9,588.179255
-1175.6,200,588.569264
318.98,6,588.584584
346.31,7,588.604239
289.722857,28,588.675733
348.94,18,588.732267
351.39,8,588.751167
-750.52,200,589.190655
312.66,4,589.204903
356.443846,13,589.237216
337.9,6,589.248512
327.64,8,589.261621
384.6,20,589.312729
361.65,5,589.321275
334.416667,27,589.369102
336.440769,13,589.394332
368.31,7,589.412585
372.366923,13,589.42615
387.315882,17,589.441504
247.194615,17,589.489265
312.66,4,589.494153
333.97,9,589.507269
368.31,7,589.54271
340.520769,13,589.57823
358.32,4,589.584843
344.349231,26,589.626764
308.084545,11,589.657381
254.27,19,589.692008
356.443846,13,589.715631
342.3,10,589.725278
219.598947,42,589.838925
359.63,11,589.861217
361.787143,21,589.900331
213.03,19,589.95597
288.39,11,589.986346
325.62,14,590.027436
376.191429,14,590.056912
272.762857,14,590.090504
309.75,27,590.109777
353.762857,18,590.141806
336.32,4,590.147825
381.63,11,590.165099
276.515714,7,590.180729
361.65,5,590.19207
315.924545,11,590.215655
336.97,9,590.234678
344.433529,17,590.275013
354.99,3,590.283012
378.3,10,590.308413
-1936.8,200,590.755533
330.6,20,590.806631
277.8,28,590.864868
329.594286,16,590.910676
367.059474,19,590.973132
251.714545,22,591.048924
281.266364,11,591.085184
379.95,15,591.15366
360.3,10,591.188765
353.24,4,591.20202
381.63,11,591.244485
356.987273,22,591.29398
371.64,8,591.319091
324.597692,13,591.336133
314.97,9,591.350281
358.206923,13,591.368495
358.32,4,591.377685
286.899474,19,591.412725
358.32,4,591.417092
364.98,6,591.427446
360.3,10,591.444836
374.97,9,591.458106
314.32,4,591.462789
351.66,2,591.464797
351.66,2,592.975913
327.64,8,593.002447
329.96,12,593.03423
87.42,99,593.237587
391.62,14,593.255931
329.021765,17,593.279892
351.66,2,593.290031
230.745,20,593.317064
289.97,9,593.333091
368.31,7,593.347188
320.98,6,593.356397
381.63,11,593.375657
372.366923,13,593.400028
368.31,7,593.423396
247.61,17,593.458354
358.32,4,593.461555
368.46,12,593.49076
346.31,7,593.508574
371.64,8,593.51659
364.448182,11,593.545533
358.32,4,593.55579
325.266364,11,593.589052
334.987273,22,593.658721
350.366923,13,593.699291
351.66,2,593.707795
358.32,4,593.718624
344.433529,17,593.763339
254.92,43,593.907645
318.98,6,593.92535
309.81,32,594.005358
351.021765,17,594.064572
365.79,15,594.107951
360.3,10,594.137764
348.33,1,594.143824
302.098947,20,594.192394
-567.96,200,594.778725
324.3,10,594.810021
347.19,19,594.857325
381.63,11,594.887083
359.012857,15,594.91659
369.03,16,594.956453
307.39,8,594.989569
376.191429,14,595.039468
331.322632,19,595.092931
356.443846,13,595.132491
268.443846,13,595.175279
278.1,20,595.229925
-557.84,200,595.774117
247.382609,24,595.827762
342.448182,11,595.861412
314.899474,19,595.915087
332.940769,15,595.957724
322.29,13,595.995817
315.99,3,596.007885
348.33,1,596.009897
329.66,2,596.01885
216.42,24,596.095772
362.94,18,596.157954
283.622727,31,596.24809
368.31,7,596.270073
371.64,8,596.293004
364.98,6,596.320764
364.98,6,596.346848
364.98,6,596.494575
338.3,10,596.547023
271.63,11,596.598653
364.98,6,596.614341
368.46,12,596.643424
379.95,15,596.668786
351.39,8,596.686117
175.791538,49,596.812375
320.98,6,596.830159
398.28,16,596.880573
353.322632,19,596.92885
282.616923,14,596.96632
381.63,11,596.99458
340.98,6,597.013395
198.805455,22,597.087142
316.74,30,597.18407
298.95,15,597.219944
316.3,10,597.240576
320.98,6,597.250821
324.595714,7,597.261868
324.15,11,597.285737
355.97,9,597.307143
368.31,7,597.323252
369.03,16,597.370495
358.727647,17,597.406038
398.28,16,597.434175
-145.389091,44,597.548402
120.7,20,597.607752
310.437692,13,597.663719
391.62,14,597.712833
362.96,12,597.744544
376.191429,14,597.787682
334.987273,22,597.846264
276.95,15,597.878379
351.021765,17,597.948652
325.88,12,598.006718
351.66,2,598.011721
358.32,4,598.040866
356.443846,13,598.171087
331.198696,23,598.270175
368.31,7,598.287324
364.448182,11,598.311345
295.3,14,598.350809
354.99,3,598.358177
254.27,19,598.40003
300.55,11,598.427722
327.45,25,598.476629
376.191429,14,598.505612
376.191429,14,598.53934
316.405,21,598.567357
320.448182,11,598.588036
332.99,3,598.588036
335.79,15,598.616112
353.322632,19,598.662192
289.911176,37,600.408762
360.762857,14,600.432531
344.433529,17,600.463195
346.31,7,600.481394
378.3,10,600.506173
364.98,6,600.520325
-1478.0,200,600.954097
351.66,2,600.957095
319.734286,22,600.983421
361.65,5,600.998867
342.3,10,601.023706
334.3,10,601.04147
339.78,16,601.07612
322.74,4,601.085361
368.46,12,601.106344
361.65,5,601.123583
290.9,6,601.140773
326.82,4,601.15596
280.31,7,601.175566
339.585789,19,601.226978
351.66,2,601.233195
355.97,9,601.259865
378.3,10,601.291779
245.653846,26,601.343462
303.605294,17,601.375211
360.762857,14,601.411708
384.96,12,601.431411
284.79,15,601.470467
329.39,8,601.490374
364.98,6,601.50237
378.3,10,601.540893
282.21,16,601.58713
398.28,16,601.631184
324.941765,17,601.672818
272.762857,14,601.703984
356.3,10,601.725725
368.46,12,601.752565
246.810769,26,601.822442
348.94,18,601.861645
342.448182,11,601.888402
269.89,9,601.911649
333.97,9,601.933581
342.448182,11,601.965271
298.448182,11,601.983592
351.66,2,601.998986
388.29,13,602.017498
368.31,7,602.031833
376.191429,14,602.063868
318.5,30,602.125231
351.66,2,602.130835
254.27,19,602.165631
284.366923,13,602.195477
368.46,12,602.215759
394.95,15,602.255503
300.358571,21,602.306422
243.322632,19,602.3491
298.3,10,602.364967
317.65,5,602.381166
356.987273,22,602.428516
324.3,10,602.453106
369.62,14,602.475429
339.65,5,602.488588
360.762857,14,602.528747
326.82,4,602.538824
349.822632,21,602.604534
220.82,36,602.701894
334.3,10,602.722424
312.443846,13,602.753519
310.191429,14,602.786005
314.1,24,602.837067
328.366923,13,602.865738
344.1,20,602.898278
339.65,5,602.914395
359.63,11,602.9418
384.96,12,602.976192
274.78,18,603.016805
312.9,30,603.074788
368.187826,24,603.135993
359.012857,15,603.17638
358.32,4,603.18817
314.28,18,603.234102
384.96,12,603.266029
368.46,12,603.295014
-2604.08,200,603.676299
342.3,10,603.700669
351.96,12,603.711893
359.9,6,603.722091
369.89,9,603.739931
254.598947,22,603.780455
201.684194,35,603.851624
381.63,11,603.880459
325.266364,11,603.916341
374.97,9,603.928442
381.63,11,603.955256
340.94,18,603.989877
384.96,12,604.025113
322.55,11,604.057674
324.3,10,604.082966
299.44,20,604.131631
331.14,8,604.149218
408.27,19,604.183414
289.97,9,604.20501
364.98,6,604.217086
317.65,5,604.229318
324.597692,13,604.244668
348.33,1,604.246666
360.037143,22,604.274872
322.29,13,604.297579
246.682857,14,604.309605
388.358571,21,604.345977
222.1,26,604.376522
337.23,8,604.397808
316.98,6,604.403006
391.62,14,604.423757
352.97,9,604.43555
339.23,7,604.447162
336.32,4,604.447162
361.17,24,604.478196
142.894286,78,604.594983
303.03,16,604.640986
381.63,11,604.670072
394.95,15,604.708345
322.847692,14,604.737609
322.29,13,604.76547
364.98,6,604.771182
340.98,6,604.778285
251.787143,21,606.596587
250.28,21,606.662715
369.03,16,606.700595
356.3,10,606.726371
374.97,9,606.741408
349.64,9,606.762718
282.94,18,606.80189
298.515714,7,606.815917
371.1,20,606.853271
358.32,4,606.861789
267.19,19,606.904145
278.1,20,606.942307
331.322632,19,606.974673
384.96,12,607.001822
360.3,10,607.019864
173.6,102,607.269641
215.03,19,607.324596
342.98,6,607.337854
364.448182,11,607.370104
268.443846,13,607.399389
340.98,6,607.411816
354.99,3,607.423709
81.08,60,607.537127
312.3,10,607.546369
374.97,9,607.563869
316.98,6,607.581583
381.63,11,607.601335
352.97,9,607.615701
329.39,8,607.631729
334.65,5,607.642931
348.94,18,607.67166
349.64,9,607.701578
371.64,8,607.729235
351.66,2,607.735237
-1394.12,200,608.226653
320.49,5,608.236424
360.762857,14,608.27208
247.024783,23,608.309278
354.99,3,608.325844
324.46,12,608.350899
371.1,20,608.391356
352.97,9,608.417585
260.078182,22,608.471538
330.084545,11,608.493625
371.64,8,608.508125
334.65,5,608.513649
285.65,5,608.521855
360.762857,14,608.551657
381.63,11,608.574093
339.65,5,608.60991
-550.0,200,609.058939
273.35,45,609.160659
320.3,10,609.179876
331.14,8,609.198498
340.98,6,609.214536
378.3,10,609.245088
378.3,10,609.266309
316.98,6,609.285617
394.95,15,609.331334
331.14,8,609.357605
298.448182,11,609.387461
384.96,12,609.422312
311.97,9,609.450696
298.448182,11,609.483741
324.595714,7,609.50659
348.33,1,609.509704
91.750909,78,609.691232
391.62,14,609.727423
320.98,6,609.746964
364.98,6,609.763094
369.03,16,609.807141
351.66,2,609.810773
312.3,10,609.833152
242.805455,22,609.889458
332.292857,7,609.906635
320.448182,11,609.9317
212.111739,23,609.98967
398.28,16,610.041275
336.32,4,610.044512
350.366923,13,610.076193
317.65,5,610.094347
331.072857,21,610.155161
303.266364,11,610.192177
334.65,5,610.208524
359.63,11,610.245675
369.272308,26,610.316399
360.762857,14,610.362762
325.266364,11,610.388798
318.94,18,610.433294
348.501429,21,610.478805
364.98,6,610.486386
354.99,3,610.500736
-562.8,200,610.996132
327.45,25,611.050129
271.63,11,611.089693
364.95,15,611.131052
332.191429,14,611.174895
356.987273,22,611.230517
-550.0,200,613.628885
372.366923,13,613.656253
336.32,4,613.660251
-603.48,200,614.042247
325.266364,11,614.074046
258.595714,7,614.096243
309.14,9,614.129391
245.848947,27,614.1904
317.23,7,614.198927
348.33,1,614.202067
325.62,14,614.232508
359.9,6,614.25246
316.98,6,614.271664
254.517692,13,614.307122
374.97,9,614.322194
348.94,18,614.352854
364.98,6,614.363372
350.366923,13,614.409727
253.352558,44,614.526663
268.443846,13,614.563509
354.99,3,614.569094
276.97,9,614.59058
330.084545,11,614.615453
356.987273,22,614.650625
388.29,13,614.674696
15.126154,28,614.708148
364.95,15,614.727123
354.99,3,614.732126
356.987273,22,614.75322
-82.503333,191,615.060378
288.94,18,615.091003
214.453158,19,615.114065
360.762857,14,615.128008
301.35,29,615.162753
328.366923,13,615.175648
274.96,12,615.202346
310.94,18,615.223069
290.3,10,615.254849
339.585789,19,615.302799
374.97,9,615.318434
279.56,12,615.351045
304.94,18,615.384054
291.995714,15,615.408303
335.22,10,615.433924
362.96,12,615.460793
356.3,10,615.483595
306.405946,38,615.575477
351.66,2,615.577485
380.796316,19,615.622839
368.46,12,615.648789
236.94,18,615.686804
374.35,27,615.751765
300.29,13,615.8048
266.14,10,615.840209
358.796316,19,615.923794
348.33,1,615.926961
376.191429,14,615.957991
341.254286,14,616.009831
374.97,9,616.04186
290.987273,22,616.125761
358.32,4,616.137581
371.64,8,616.158997
330.97,9,616.190918
377.85,25,616.26383
359.012857,15,616.310593
332.99,3,616.322066
358.32,4,616.33463
381.63,11,616.362538
364.98,6,616.380115
332.89,9,616.40113
312.3,10,616.434075
351.39,8,616.451329
299.768947,19,616.48828
339.78,16,616.508327
-1514.6,200,616.921324
346.452857,7,616.935019
381.63,11,616.955235
324.595714,7,616.967717
342.372857,7,616.983379
358.32,4,616.983379
342.448182,11,617.016192
334.682857,14,617.050321
354.99,3,617.058451
350.366923,13,617.09191
332.99,3,617.100385
342.98,6,617.113373
348.501429,21,617.153563
351.66,2,617.161572
344.433529,17,617.202837
280.31,7,617.214907
364.98,6,617.214907
379.95,15,617.255864
360.3,10,617.276403
364.448182,11,617.305804
348.33,1,617.309564
358.32,4,617.320865
296.52,24,617.372448
378.3,10,617.397156
-626.12,200,617.815582
318.96,12,619.592654
347.266364,11,619.635322
286.8,12,619.671437
315.845294,17,619.719062
368.31,7,619.738228
391.62,14,619.792377
-619.28,200,620.412422
351.66,2,620.419211
358.32,4,620.43337
344.1,20,620.49736
291.6,20,620.548317
83.051081,37,620.64983
310.191429,14,620.697625
247.598947,26,620.747821
342.95,15,620.780214
345.334286,14,620.814109
358.32,4,620.814109
360.368182,11,620.839539
355.97,9,620.858655
384.96,12,620.891002
340.98,6,620.911228
354.99,3,620.918922
374.97,9,620.945077
354.99,3,620.952584
268.443846,13,620.980884
258.46,12,621.006678
351.39,8,621.029691
373.92,24,621.102941
284.366923,13,621.1463
369.89,9,621.177079
336.853529,19,621.228467
363.23,7,621.252983
358.32,4,621.271012
331.14,8,621.29765
346.866923,15,621.334581
263.905714,14,621.361668
336.97,9,621.382699
351.39,8,621.402967
381.63,11,621.422313
361.65,5,621.436324
334.65,5,621.453234
368.31,7,621.477875
241.94,20,621.530023
351.66,2,621.537085
-527.36,200,622.027774
324.597692,13,622.098564
349.64,8,622.297753
300.975714,21,622.406137
-1242.12,200,623.041756
339.78,16,623.119256
300.358571,21,623.202223
302.46,12,623.253471
340.98,6,623.278982
398.28,16,623.322115
334.3,10,623.35226
381.63,11,623.38812
278.1,20,623.445691
361.65,5,623.467235
333.106364,11,623.520061
363.23,7,623.548353
346.452857,7,623.580069
225.39129,39,623.727605
305.271765,18,623.779881
346.452857,7,623.803722
330.012857,19,623.867234
-922.2,200,624.550019
290.3,10,624.600019
226.05,29,624.677853
339.65,5,624.694793
-1262.04,200,625.396421
303.495,16,625.454778
358.32,4,625.468537
325.266364,11,625.501193
294.85087,23,625.580544
358.727647,17,625.629879
345.334286,14,625.677315
326.360769,13,625.722891
339.65,5,625.738434
345.334286,14,625.778625
348.33,1,625.781832
288.94,18,625.827156
351.66,2,625.83122
307.96,12,625.863643
331.322632,19,625.91242
349.64,8,625.937785
333.97,9,625.953209
307.65,5,625.963333
346.452857,7,625.974639
272.845714,24,626.049873
302.3,10,626.085446
345.334286,14,626.182254
338.03,17,628.372382
355.97,9,628.389638
325.266364,11,628.40369
364.98,6,628.413283
354.99,3,628.42352
-585.96,200,628.70701
358.32,4,628.719413
361.787143,21,628.753706
334.443846,13,628.779567
379.95,15,628.794635
337.63,11,628.813948
320.98,6,628.826616
332.94,18,628.857721
391.62,14,628.873849
302.46,12,628.885876
354.99,3,628.895737
351.66,2,628.902837
336.32,4,628.913888
356.3,10,628.94349
-576.44,200,629.270236
307.65,5,629.293088
286.97,9,629.310401
339.65,5,629.316155
354.99,3,629.324193
354.99,3,629.324193
294.94,18,629.36092
378.3,10,629.376242
374.97,9,629.403251
339.585789,19,629.454564
251.717143,42,629.570116
335.46,12,629.594106
360.762857,14,629.631974
337.012857,15,629.672035
364.98,6,629.689182
342.448182,11,629.718663
342.448182,11,629.741495
369.03,16,629.787786
312.65,5,629.789296
324.597692,13,629.830691
110.352609,65,630.06737
356.443846,13,630.115784
361.65,5,630.139401
378.3,10,630.182456
355.97,9,630.212858
307.65,5,630.229214
309.14,8,630.24986
368.31,7,630.265712
-607.8,200,630.692728
302.46,12,630.711688
376.191429,14,630.734161
332.99,3,630.742425
351.66,2,630.746183
340.98,6,630.757854
260.94,18,630.807894
298.448182,11,630.837788
360.3,10,630.856926
276.448182,11,630.896853
261.73,9,630.922398
327.95,15,630.971868
338.762857,14,631.001586
298.535517,29,631.043165
272.45,25,631.09769
324.595714,7,631.11896
391.62,14,631.142829
336.32,4,631.154392
365.25,25,631.210127
308.139412,17,631.264497
346.941765,17,631.306216
368.31,7,631.321341
283.95,15,631.346812
285.39,8,631.367286
282.94,18,631.403524
364.448182,11,631.4362
378.987273,22,631.502213
-570.64,200,631.922031
347.266364,11,631.951362
325.155,16,631.988054
318.98,6,632.009576
242.273529,17,632.052902
325.62,14,632.100682
-1464.32,200,632.594247
330.57,5,632.61038
353.322632,19,632.657499
361.17,24,632.722386
327.06,8,632.744375
361.65,5,632.76053
346.452857,7,632.781244
315.7,22,632.838149
358.32,4,632.853433
349.1,20,632.9067
364.95,15,635.281415
315.63,11,635.321382
334.3,10,635.35061
312.902727,11,635.373821
336.32,4,635.385278
361.65,5,635.396027
300.205652,31,635.459164
336.32,4,635.465919
234.662727,11,635.481444
308.97,9,635.499929
-1266.08,200,635.965976
361.65,5,635.979637
371.64,8,636.000198
360.3,10,636.02035
348.94,18,636.062556
352.97,9,636.090498
280.774615,39,636.181825
320.448182,11,636.214796
351.66,2,636.218811
305.372609,23,636.284793
327.64,10,636.305944
338.22,10,636.329689
360.3,10,636.358584
303.266364,11,636.388517
368.31,7,636.405708
302.237143,14,636.430121
368.46,12,636.46595
371.64,8,636.483696
357.6,20,636.547747
249.348947,25,636.624951
358.32,4,636.639061
218.738065,36,636.73044
346.46,12,636.773431
372.95,15,636.813037
347.266364,11,636.84159
343.896364,22,636.888702
318.765714,8,636.906938
356.556316,19,636.95098
335.024783,23,636.998893
336.97,9,637.02462
361.48,8,637.047078
330.084545,11,637.084453
334.65,5,637.100961
362.96,12,637.131658
381.63,11,637.155334
369.03,16,637.185335
348.33,1,637.185335
369.03,16,637.218187
381.63,11,637.232076
360.762857,14,637.263812
293.8,12,637.295771
329.905714,14,637.322634
376.191429,14,637.348518
354.99,3,637.362531
370.992857,21,637.423619
354.99,3,637.436345
274.96,12,637.468688
369.62,14,637.505447
312.53,19,637.554082
356.3,10,637.584948
358.32,4,637.597172
361.65,5,637.613235
217.63,47,637.723006
358.32,4,637.74068
351.66,2,637.747862
290.3,10,637.780935
281.266364,11,637.81473
314.32,4,637.828516
362.94,18,637.887766
333.97,9,637.917506
322.29,13,637.953195
287.14,8,637.980576
364.98,6,638.001852
348.33,1,638.007368
233.67,28,638.08178
325.425789,19,638.133824
355.97,9,638.162813
281.001176,34,638.263155
358.32,4,638.271546
378.3,10,638.299485
369.272308,26,638.370256
371.64,8,638.395206
374.97,9,638.418186
281.62,14,638.444816
341.81,9,638.462827
356.443846,13,638.477662
358.32,4,638.477662
364.448182,11,638.510314
346.452857,7,638.54431
361.65,5,638.570709
329.96,12,638.617762
263.905714,14,638.662379
318.6,20,638.732087
297.69,21,638.772366
289.97,9,638.78778
-683.96,200,639.343335
159.958065,62,639.498861
258.94,18,639.533081
378.3,10,639.563605
265.14,8,639.58838
331.14,8,639.623949
334.65,5,639.640043
298.448182,11,639.67973
346.602857,14,639.716407
316.98,6,639.738979
356.3,10,639.758207
360.762857,14,639.791901
351.66,2,639.808847
272.762857,14,639.846468
358.32,4,639.861427
358.32,4,639.870947
336.97,9,639.896018
374.97,9,639.919953
333.512857,17,639.960014
369.937826,23,640.00425
364.95,16,640.030829
64.1,54,640.124958
331.174286,14,640.141568
300.29,13,640.162236
379.95,15,640.196078
255.33,25,640.246065
358.15,7,640.261328
368.31,7,640.281739
348.94,18,640.323052
331.14,8,640.347236
314.97,9,640.3777
335.46,12,640.40666
306.366923,13,640.437571
354.99,3,640.449696
359.63,11,640.476739
336.86,18,642.205178
384.96,12,642.235516
248.53,22,642.278999
302.595714,7,642.307948
302.3,10,642.343649
372.366923,13,642.364625
318.98,6,642.380508
372.366923,13,642.428313
-596.76,200,642.961391
302.3,10,642.999641
361.65,5,643.007687
329.96,12,643.047777
346.31,7,643.070605
376.191429,14,643.099928
355.97,9,643.124407
-1299.44,200,643.554037
294.94,18,643.581804
334.94,18,643.606061
227.8,28,643.65069
289.97,9,643.665618
314.32,4,643.674571
347.03,16,643.705403
268.95,15,643.725947
304.94,18,643.77458
330.97,9,643.790877
347.03,16,643.821604
373.021765,17,643.866439
360.762857,14,643.904513
288.94,18,643.943994
300.358571,21,644.004845
368.31,7,644.02518
355.97,9,644.03988
334.65,5,644.042406
340.98,6,644.060012
364.98,6,644.060012
319.307143,21,644.11424
309.14,8,644.129875
333.97,9,644.139462
371.64,8,644.162705
361.65,5,644.17699
309.14,8,644.188087
364.98,6,644.204236
372.366923,13,644.236782
324.595714,7,644.254307
368.46,12,644.279897
258.94,18,644.315802
302.3,10,644.327552
361.17,24,644.39169
150.013043,46,644.486236
364.98,6,644.49113
346.31,7,644.511851
339.65,5,644.520257
376.55,11,644.540674
328.334545,12,644.56362
331.14,8,644.577632
394.95,15,644.607185
303.03,16,644.632013
391.62,14,644.656279
156.441613,35,644.727026
388.29,13,644.755347
328.366923,13,644.78653
256.272069,29,644.849672
379.95,15,644.876215
369.62,14,644.897599
358.32,4,644.90422
349.64,8,644.921655
339.78,16,644.945172
348.33,1,644.94872
258.94,18,644.980663
309.81,9,644.995255
374.97,9,645.008098
284.95,15,645.037243
354.99,3,645.043607
346.452857,7,645.056098
378.3,10,645.078375
267.81,17,645.112293
314.32,4,645.120059
339.78,16,645.152992
358.32,4,645.16227
331.38,12,645.18783
282.616923,14,645.205125
356.987273,22,645.23191
330.97,9,645.245356
384.96,12,645.269853
362.96,12,645.317593
394.95,15,645.355959
315.63,11,645.379394
378.3,10,645.396282
-730.0,200,645.824164
356.987273,22,645.854293
288.3,12,645.874209
317.655,16,645.89412
305.64,8,645.908739
388.29,13,645.923903
314.97,9,645.939658
342.448182,11,645.9607
384.96,12,645.988152
311.765294,17,646.017089
336.97,9,646.032197
247.61,17,646.054106
355.97,9,646.076216
326.004545,11,646.09318
362.96,12,646.110011
361.65,5,646.113766
31.938649,37,646.160734
285.96,12,646.177301
340.94,18,646.203392
384.96,12,646.243047
329.39,8,646.269949
354.22,10,646.294216
342.448182,11,646.325806
348.33,1,646.325806
124.702727,115,648.392343
325.266364,11,648.424133
317.65,5,648.435942
374.97,9,648.457078
346.31,7,648.472988
298.3,10,648.490283
339.78,16,648.524546
333.97,9,648.545749
369.03,16,648.597327
345.334286,14,648.639619
331.14,8,648.65695
364.98,6,648.671335
358.32,4,648.680395
337.48,8,648.701614
355.97,9,648.722889
384.96,12,648.739573
351.66,2,648.739573
358.32,4,648.749971
361.65,5,648.760528
347.03,16,648.787211
374.97,9,648.818798
351.39,8,648.84575
308.6,20,648.903608
-626.72,200,649.33552
296.96,12,649.373551
360.762857,14,649.405497
339.65,5,649.420655
354.99,3,649.430741
354.99,3,649.439991
364.448182,11,649.459753
242.805455,22,649.516302
361.787143,21,649.573207
235.644286,25,649.639717
339.714545,22,649.707608
374.97,9,649.739277
307.39,9,649.767654
361.787143,21,649.835439
364.448182,11,649.858492
340.98,6,649.873862
358.32,4,649.892369
265.322632,19,649.947302
364.98,6,649.959393
372.366923,13,650.000981
-1185.2,200,650.398698
332.89,9,650.420421
368.31,7,650.433217
346.46,12,650.466534
378.3,10,650.489987
340.98,6,650.498759
358.32,4,650.515621
304.82,4,650.529884
331.14,8,650.550864
324.595714,7,650.569719
358.32,4,650.575881
179.209565,50,650.691382
356.94,20,650.746269
346.31,7,650.76595
368.46,12,650.79628
362.96,12,650.83396
381.63,11,650.860467
371.64,8,650.880848
290.3,10,650.89939
302.3,10,650.925902
290.94,18,650.96629
320.3,10,650.985825
351.66,2,650.989672
378.3,10,651.017709
276.448182,11,651.042311
268.95,15,651.07213
264.139412,17,651.121417
352.97,9,651.143721
351.39,8,651.166286
361.65,5,651.182205
368.31,7,651.202013
316.44,20,651.25593
364.448182,11,651.284033
280.452857,7,651.302467
315.99,3,651.302467
358.32,4,651.325672
371.64,8,651.350682
351.96,12,651.385282
378.3,10,651.417942
310.191429,14,651.4494
388.29,13,651.48554
302.738571,7,651.507382
351.66,2,651.513623
324.3,10,651.540379
318.96,12,651.583176
342.3,10,651.620283
290.3,10,651.666709
320.448182,11,651.722139
346.31,7,651.751942
314.9,6,651.771826
391.62,14,651.798801
358.32,4,651.811211
290.3,10,651.838091
368.31,7,651.850096
374.97,9,651.863211
272.168182,23,651.926434
239.347692,24,651.991613
289.106364,11,652.015275
359.63,11,652.030731
342.372857,7,652.050387
384.96,12,652.073714
317.65,5,652.082216
326.501429,21,652.137184
312.443846,13,652.159672
334.65,5,652.166756
368.31,7,652.18413
340.98,6,652.19419
374.97,9,652.221348
315.265714,10,652.257542
320.98,6,652.307137
361.65,5,652.324529
354.99,3,652.336308
369.937826,23,652.380246
368.31,7,652.403748
304.62,18,652.458057
334.65,5,652.472527
374.97,9,652.499065
274.520769,13,652.533819
356.3,10,652.549975
358.32,4,652.555541
368.31,7,652.57291
329.021765,17,652.621292
-1261.0,200,653.051213
378.3,10,653.083324
358.32,4,653.083324
310.191429,14,653.101489
334.3,10,653.115366
312.902727,11,653.147234
368.69087,23,653.179095
378.3,10,653.197571
347.266364,11,653.212399
318.94,18,653.265583
333.2,16,653.281051
363.2,16,654.927644
333.97,9,654.947027
329.39,8,654.963904
372.17,25,655.020281
334.443846,13,655.044332
293.63,11,655.079153
360.3,10,655.119099
362.6,20,655.177749
275.185789,19,655.23386
359.63,11,655.267488
270.28,20,655.330887
316.280769,13,655.359113
384.96,12,655.445678
346.31,7,655.498611
368.31,7,655.517353
345.334286,14,655.551652
325.266364,11,655.573431
381.63,11,655.598445
378.987273,22,655.652964
364.98,6,655.662319
264.97,9,655.68687
294.94,18,655.726549
318.765714,8,655.75633
330.06,10,655.776231
-527.36,200,656.192516
384.96,12,656.218918
334.65,5,656.225909
-548.84,200,656.575566
374.97,9,656.592119
237.62,14,656.614866
336.97,9,656.641838
346.31,7,656.646698
380.796316,19,656.678698
280.46,12,656.694036
354.647647,17,656.716972
349.95,15,656.734987
315.87,15,656.760143
342.38,12,656.779797
348.616923,14,656.798319
335.46,12,656.81076
365.79,15,656.835366
364.98,6,656.842881
354.99,3,656.842881
361.65,5,656.853177
359.63,11,656.869036
336.32,4,656.875207
266.11,19,656.900563
374.97,9,656.909705
348.33,1,656.909705
300.3,18,656.935761
378.3,10,656.947726
364.98,6,656.958726
349.64,8,656.963563
358.32,4,656.975101
326.82,4,656.985137
274.96,12,656.995432
322.358571,21,657.029754
326.059412,17,657.047951
296.71,15,657.08161
360.762857,14,657.095172
361.65,5,657.107607
324.3,10,657.115569
369.272308,26,657.153231
369.89,9,657.158827
300.1,20,657.184888
398.28,16,657.209728
374.97,9,657.22904
381.63,11,657.248627
356.3,10,657.266447
299.54,16,657.291999
318.96,12,657.314481
269.61,17,657.351121
317.65,5,657.359931
388.29,13,657.374759
-1256.28,200,657.752592
376.191429,14,657.784518
315.63,11,657.801121
309.402727,13,657.813803
300.55,11,657.832726
326.82,4,657.836725
332.99,3,657.843081
354.191429,14,657.864532
281.03,16,657.892048
371.64,8,657.901486
364.448182,11,657.913244
359.63,11,657.925282
324.452857,7,657.934381
342.95,15,657.951187
336.684194,31,657.985541
394.95,15,658.001666
326.82,4,658.007394
301.711739,23,658.033341
329.96,12,658.045201
369.62,14,658.115422
384.96,12,658.169175
265.94,22,658.215594
378.3,10,658.225369
360.762857,14,658.245562
329.96,12,658.26453
384.96,12,658.27548
361.65,5,658.286256
338.22,10,658.317912
358.727647,17,658.367458
291.61,17,658.424372
282.418049,42,658.559248
381.63,11,658.595695
358.32,4,658.603268
276.355455,33,658.686634
361.65,5,658.700878
308.158966,29,658.777455
294.3,10,658.802936
154.806364,47,658.929961
372.366923,13,658.971126
359.9,6,658.989782
208.17,30,660.7088
358.32,4,660.718258
351.39,8,660.745438
372.366923,13,660.7723
276.95,15,660.808792
381.63,11,660.833791
361.65,5,660.844095
324.3,10,660.873248
298.95,15,660.90491
360.3,10,660.927498
321.3,12,660.956719
364.95,15,660.992233
301.282727,29,661.06918
351.66,2,661.07597
355.97,9,661.089324
348.33,1,661.089324
324.595714,7,661.112797
262.366923,13,661.13793
298.3,10,661.162944
312.9,6,661.17592
-719.92,200,661.667371
359.63,11,661.693521
338.3,10,661.715059
353.322632,19,661.754713
316.98,6,661.764841
332.89,9,661.77947
368.31,7,661.798553
356.443846,13,661.82919
378.3,10,661.849011
394.95,15,661.875411
388.29,13,661.901308
351.66,2,661.907469
347.03,16,661.938338
368.31,7,661.972837
326.360769,13,661.999598
364.98,6,662.014667
372.366923,13,662.050383
306.366923,13,662.091163
371.64,8,662.109658
371.64,8,662.131136
303.81,9,662.14901
369.03,16,662.188467
356.57,5,662.196983
302.46,12,662.228211
381.63,11,662.260194
374.97,9,662.277645
-1312.8,200,662.725916
361.65,5,662.732936
361.65,5,662.74454
354.191429,14,662.765959
298.29,16,662.785949
329.39,8,662.79804
350.366923,13,662.82427
324.31,7,662.837708
361.65,5,662.848405
338.762857,14,662.880915
351.66,2,662.884463
335.46,12,662.916371
348.33,1,662.920866
271.63,11,662.948177
364.98,6,662.964323
361.17,25,663.019827
324.595714,7,663.044165
325.155,16,663.082831
316.762857,14,663.120175
232.144286,27,663.184685
351.66,2,663.188928
336.32,4,663.197949
342.98,6,663.20857
278.1,20,663.247468
298.3,10,663.268931
362.6,20,663.304958
368.31,7,663.322774
308.348947,29,663.388459
362.94,18,663.439848
320.95,19,663.492742
306.533158,19,663.54045
336.727647,17,663.693058
-2413.765193,182,664.148524
346.46,12,664.201076
354.99,3,664.213854
293.19,19,664.278935
332.292857,7,664.304024
378.3,10,664.331542
339.65,5,664.348723
381.63,11,664.379042
369.62,14,664.410614
320.448182,11,664.436094
358.32,4,664.449518
355.97,9,664.471551
308.58,30,664.536755
312.65,5,664.544307
364.448182,11,664.569159
311.97,9,664.594454
359.63,11,664.629101
354.191429,14,664.672451
364.448182,11,664.69427
320.515714,7,664.710467
301.334286,14,664.734637
371.64,8,664.757169
-527.36,200,665.254986
287.14,8,665.282265
334.65,5,665.296674
361.17,24,665.32812
364.448182,11,665.334801
222.355,41,665.383661
292.598947,38,665.455199
320.448182,11,665.469025
358.32,4,665.478754
356.3,10,665.504408
368.31,7,665.511055
288.191429,14,665.540017
335.46,12,665.557785
360.762857,14,665.590227
339.65,5,667.769989
364.98,6,667.796751
332.28,16,667.834879
367.059474,19,667.887975
360.762857,14,667.916183
368.31,7,667.93235
351.39,8,667.965279
359.63,11,668.000528
378.3,10,668.02071
353.322632,19,668.05099
324.452857,7,668.059017
342.95,15,668.089508
321.8,12,668.120558
356.443846,13,668.142653
320.448182,11,668.157655
316.98,6,668.166863
313.95,15,668.19155
357.6,20,668.22597
368.31,7,668.243646
348.33,1,668.253257
361.65,5,668.269945
362.698182,12,668.303988
191.235172,34,668.381589
346.452857,7,668.401975
367.059474,19,668.44569
334.3,10,668.472657
329.39,8,668.498379
358.32,4,668.510389
364.448182,11,668.537973
378.3,10,668.565133
355.97,9,668.588905
314.9,6,668.604557
358.32,4,668.617735
388.29,13,668.638561
388.29,13,668.664997
298.95,15,668.692279
360.762857,14,668.715207
356.3,10,668.735196
368.31,7,668.748013
344.34,24,668.820617
371.64,8,668.838727
388.29,13,668.866031
327.64,8,668.89306
381.63,11,668.910582
325.9,10,668.9396
320.98,6,668.957768
364.448182,11,668.981502
280.46,12,669.015062
296.416667,27,669.073569
324.3,10,669.090493
376.191429,14,669.12479
342.3,10,669.151678
358.32,4,669.158681
286.907273,22,669.221392
363.23,7,669.233955
286.97,9,669.260878
358.727647,17,669.311418
378.3,10,669.341467
384.96,12,669.375134
368.31,7,669.399981
312.65,5,669.408389
266.405,16,669.466346
340.98,6,669.493273
381.63,11,669.591261
346.31,7,669.650195
357.95,15,669.68611
-1200.28,200,670.207464
358.32,4,670.223366
368.31,7,670.24235
262.38,18,670.280188
372.86,18,670.304189
373.92,24,670.376425
359.63,11,670.395492
353.322632,19,670.437328
287.847692,34,670.507197
358.32,4,670.522693
354.99,3,670.535319
342.448182,11,670.56517
339.65,5,670.57117
305.06,8,670.582655
310.191429,14,670.619403
334.65,5,670.632207
335.46,12,670.666221
338.3,10,670.697649
364.98,6,670.711936
384.96,12,670.736614
316.98,6,670.756965
349.91,3,670.764064
288.405,16,670.796711
346.452857,7,670.805714
368.46,12,670.824942
302.3,10,670.856728
330.189231,26,670.920707
347.266364,11,670.93873
329.66,2,670.945673
334.65,5,670.962332
360.87,15,671.002445
342.448182,11,671.037469
352.97,9,671.06473
364.98,6,671.079796
346.245,16,671.124212
324.31,7,671.138344
378.987273,22,671.193941
348.33,1,671.196445
362.96,12,671.237452
360.762857,14,671.270608
285.96,12,671.304872
364.98,6,671.31089
330.97,9,671.329323
344.433529,17,671.364765
355.97,9,671.39747
391.62,14,671.43213
77.306842,61,671.598366
342.3,10,671.620506
348.94,18,671.669304
353.322632,19,671.713205
285.96,12,671.729114
376.191429,14,671.762733
306.366923,13,671.811769
361.65,5,671.820638
344.567647,17,671.846562
360.762857,14,671.881759
348.33,1,671.881759
346.46,12,671.915743
374.97,9,671.935545
381.63,11,671.963134
338.3,10,671.98582
260.078182,22,672.046462
355.97,9,672.081085
331.14,8,672.100634
381.63,11,672.133929
336.97,9,672.163698
378.3,10,672.196631
349.64,8,672.227118
174.53,33,672.298203
266.405,16,672.337204
323.405,17,672.388245
293.63,11,672.423274
351.39,8,672.448322
371.64,8,672.467615
276.3,10,672.496415
268.95,15,672.537374
353.948182,17,672.582709
394.95,15,672.616725
312.26,24,672.685747
-604.68,200,675.417771
-3364.32,200,676.0726
350.366923,13,676.10908
317.65,5,676.125282
287.322632,19,676.191691
-1249.4,200,676.625288
355.97,9,676.647856
378.3,10,676.681071
364.98,6,676.693579
325.266364,11,676.707328
332.405,16,676.745476
326.82,4,676.751519
371.64,8,676.775715
358.32,4,676.7914
350.366923,13,676.808109
358.32,4,676.827972
384.96,12,676.848488
354.99,3,676.850493
309.14,8,676.879567
358.32,4,676.893828
352.97,9,676.909501
312.902727,11,676.940839
331.14,8,676.955571
324.94,18,676.992593
298.448182,11,677.022135
348.33,1,677.025214
365.315882,17,677.040787
354.99,3,677.05533
289.97,9,677.072183
353.322632,19,677.130077
-565.8,200,677.716727
351.66,2,677.719647
172.48,12,677.751684
361.65,5,677.765371
312.033529,17,677.810031
309.14,8,677.827532
312.65,5,677.837535
347.627143,21,677.893467
327.64,8,677.912202
224.003333,27,677.987789
398.28,16,678.026084
329.66,2,678.026084
280.94,18,678.070791
334.443846,13,678.114397
358.32,4,678.127196
300.81,9,678.146945
346.31,7,678.171043
355.97,9,678.192683
348.33,1,678.197395
371.64,8,678.221315
-831.92,200,678.713257
374.97,9,678.742086
350.366923,13,678.77793
384.96,12,678.818916
348.33,1,678.821766
318.96,12,678.86912
342.448182,11,678.907103
285.39,8,678.928272
320.193529,17,678.977136
210.709565,32,679.05626
286.441429,15,679.094713
374.97,9,679.116061
368.31,7,679.130613
-580.88,200,679.623509
334.987273,22,679.671623
388.29,13,679.704384
326.78,18,679.751773
298.448182,11,679.787915
303.627143,21,679.85075
358.32,4,679.85833
381.63,11,679.885299
324.3,10,679.924395
352.97,9,679.94984
361.65,5,679.962867
129.338421,41,680.077747
307.39,8,680.09781
364.98,6,680.116509
394.95,15,680.154533
351.66,2,680.162185
289.97,9,680.186412
306.81,8,680.209184
212.831176,41,680.323347
381.63,11,680.345401
336.32,4,680.358473
278.1,20,680.40272
351.66,2,680.41197
-1304.6,200,682.689927
384.96,12,682.722677
315.87,15,682.74619
359.63,11,682.77046
327.64,8,682.789233
371.64,8,682.800776
364.98,6,682.817805
349.64,8,682.83365
290.3,10,682.850778
371.64,8,682.854019
361.65,5,682.867268
334.65,5,682.88429
333.97,9,682.902706
355.97,9,682.933731
371.64,8,682.946312
364.95,15,682.980763
330.273529,17,683.01861
351.66,2,683.024614
340.98,6,683.032723
333.97,9,683.068274
356.443846,13,683.096208
327.64,8,683.114728
327.64,8,683.131433
379.95,15,683.179646
356.3,10,683.19436
140.49,47,683.325849
347.89,10,683.348777
364.448182,11,683.371257
358.32,4,683.37728
337.63,11,683.411573
376.28,16,683.464032
283.79,15,683.511838
353.322632,19,683.636519
266.191429,14,683.683795
354.99,3,683.68822
330.97,9,683.718104
314.727647,17,683.767956
381.63,11,683.801361
-768.28,200,684.341966
355.97,9,684.369671
365.315882,17,684.39128
391.62,14,684.43506
347.266364,11,684.469814
354.99,3,684.485324
339.65,5,684.50048
318.98,6,684.525196
361.787143,21,684.568758
324.452857,7,684.599236
268.968947,19,684.653991
338.22,10,684.6821
317.655,16,684.736542
-1263.32,200,685.267173
334.65,5,685.282767
357.6,20,685.342738
336.97,9,685.367623
-612.52,200,685.884296
315.48,8,685.915496
316.3,10,685.938813
391.62,14,685.9817
353.322632,19,686.026583
289.97,9,686.053237
347.31,8,686.081149
269.575,16,686.129231
348.33,1,686.13308
159.126087,78,686.333724
326.82,4,686.347581
298.95,15,686.388215
364.98,6,686.399756
360.762857,14,686.442962
371.64,8,686.462434
262.155714,15,686.495784
351.66,2,686.495784
271.63,11,686.531374
304.85,27,686.602572
368.31,7,686.61611
334.443846,13,686.663309
260.55,15,686.697333
312.902727,11,686.728729
369.03,16,686.77415
292.11,31,686.851211
358.206923,13,686.886452
339.65,5,686.899525
346.31,7,686.915244
352.97,9,686.942079
302.595714,7,686.963679
-548.84,200,687.511569
330.97,9,687.54609
346.452857,7,687.575804
348.33,1,687.581892
-1137.88,200,690.388427
312.443846,13,690.426148
368.31,7,690.447057
320.448182,11,690.472526
274.96,12,690.504595
305.06,8,690.527861
351.66,2,690.530257
360.762857,14,690.564211
298.98,6,690.569212
391.62,14,690.59546
298.448182,11,690.608003
361.65,5,690.626057
348.33,1,690.630294
331.198696,23,690.661253
359.63,11,690.678164
197.67,36,690.777479
358.86,18,690.81178
308.97,9,690.82655
266.360769,13,690.858547
334.443846,13,690.875363
376.191429,14,690.899714
361.65,5,690.917558
346.452857,7,690.93155
358.32,4,690.93155
358.206923,13,690.961042
355.97,9,690.961042
346.46,12,690.993827
198.65,9,691.025717
-674.96,200,691.475067
384.96,12,691.475067
364.98,6,691.490825
336.97,9,691.507477
378.3,10,691.524886
384.6,20,691.542762
351.39,8,691.558831
388.29,13,691.558831
352.97,9,691.582383
333.97,9,691.591525
360.3,10,691.607632
292.97,9,691.638511
212.586667,28,691.674999
324.31,7,691.674999
355.97,9,691.693614
354.99,3,691.693614
379.95,15,691.707867
358.727647,17,691.725038
258.94,18,691.741844
388.29,13,691.769254
346.452857,7,691.774696
348.33,1,691.774696
318.96,12,691.792202
363.21,15,691.813105
280.286923,13,691.830422
351.96,12,691.842168
346.31,7,691.857991
365.315882,17,691.874599
309.81,9,691.891398
351.66,2,691.891398
368.46,12,691.927755
272.762857,14,691.942373
339.78,16,691.957701
345.334286,14,691.974517
354.99,3,691.990692
351.66,2,691.990692
309.14,8,691.990692
272.762857,14,692.026374
339.78,16,692.058134
371.64,8,692.074243
281.266364,11,692.090977
342.3,10,692.090977
286.97,9,692.107585
344.433529,17,692.131409
360.87,16,692.142521
333.97,9,692.15587
291.95,15,692.171329
339.585789,19,692.190961
333.97,9,692.214854
361.65,5,692.218861
361.65,5,692.22436
317.665714,14,692.257683
351.39,8,692.257683
349.95,15,692.290901
268.443846,13,692.290901
290.3,10,692.320217
323.87,15,692.343361
334.443846,13,692.357158
259.03,16,692.377418
368.31,7,692.390697
372.366923,13,692.406547
308.97,9,692.41905
292.97,9,692.423185
349.95,15,692.44329
-562.88,200,692.719245
374.97,9,692.72354
350.366923,13,692.746204
238.57,25,692.773038
379.95,15,692.79432
332.99,3,692.798332
368.46,12,692.804085
355.97,9,692.822004
351.66,2,692.822004
206.912857,21,692.844692
364.448182,11,692.866022
360.3,10,692.869775
298.448182,11,692.892216
210.327647,17,692.915284
358.32,4,692.924964
296.94,18,692.947361
381.733846,26,692.978419
378.3,10,692.978419
388.29,13,693.001319
368.31,7,693.010046
281.62,14,693.023135
280.595714,7,693.02602
330.57,5,693.02602
331.14,8,693.048776
360.3,10,693.06379
289.97,9,693.073356
381.63,11,693.081953
306.89,37,693.136163
340.98,6,693.137166
324.597692,13,693.17151
321.055714,21,693.214344
354.99,3,693.220343
381.63,11,693.238024
368.31,7,693.245116
368.31,7,693.256101
361.65,5,693.256101
316.762857,14,693.287813
347.03,16,693.301938
303.266364,11,693.307302
361.65,5,693.322318
313.532727,22,693.349668
346.452857,7,693.365709
317.48,8,693.37301
265.322632,19,693.39744
267.97,9,693.4134
360.3,10,693.4134
340.55,11,693.439227
334.65,5,693.4498
329.905714,14,693.472195
361.65,5,693.489088
358.727647,17,694.488437
-601.84,200,694.699095
378.3,10,694.704497
381.63,11,694.720281
354.99,3,694.720281
364.95,15,694.757537
344.433529,17,694.776025
358.32,4,694.776025
358.32,4,694.791213
388.29,13,694.802194
-573.76,200,695.01408
302.3,10,695.028839
282.725455,22,695.04797
316.98,8,695.060632
354.99,3,695.065792
259.03,16,695.087795
-732.84,200,695.341913
331.14,8,695.350421
346.452857,7,695.362565
339.65,5,695.370081
378.3,10,695.381043
315.63,11,695.400313
328.533158,19,695.426729
325.266364,11,695.44024
362.96,12,695.456161
313.46,12,695.47335
298.448182,11,695.490845
245.412727,14,695.510802
351.66,2,695.512811
325.266364,11,695.531506
316.3,10,695.548622
365.315882,17,695.579737
368.31,7,695.590835
314.32,4,695.603639
369.937826,23,695.64851
374.97,9,695.653496
326.94,18,695.672651
338.762857,14,695.694618
368.31,7,695.700636
346.452857,7,695.704099
368.31,7,695.72185
361.65,5,695.72185
324.3,10,695.735844
289.97,9,695.740762
332.99,3,695.750882
354.99,3,695.756888
376.191429,14,695.766659
324.46,12,695.772332
328.533158,19,695.807926
302.595714,7,695.816159
339.65,5,695.822051
384.96,12,695.839487
318.958696,23,695.87667
333.97,9,695.885931
384.96,12,695.911376
351.39,8,695.923698
312.443846,13,695.944756
306.366923,13,695.968758
304.82,4,695.968758
368.31,7,695.985376
371.47,11,696.002947
352.97,9,696.026131
308.97,9,696.042181
364.98,6,696.05397
345.334286,14,696.0849
351.66,2,696.089937
371.64,8,696.11165
349.64,8,696.127459
354.99,3,696.127459
336.32,4,696.139707
349.64,8,696.145728
339.78,16,696.168514
361.65,5,696.18438
384.96,12,696.18438
338.762857,14,696.221747
361.65,5,696.231757
-1144.92,200,696.638236
298.448182,11,696.670754
328.14,10,696.686846
296.353529,17,696.719067
361.65,5,696.73597
328.389412,18,696.768721
354.99,3,696.773252
351.66,2,696.778736
361.65,5,696.790532
268.443846,13,696.813313
361.17,24,696.85108
313.6,20,696.893761
312.443846,13,696.90543
-612.52,200,697.217108
329.39,8,697.297203
358.32,4,697.310324
371.64,8,697.324286
336.206923,13,697.352526
374.97,9,697.36486
354.99,3,697.370871
327.95,15,697.39755
379.95,15,697.410687
365.315882,17,697.462909
336.727647,17,697.504666
348.33,1,697.506455
334.65,5,697.520284
302.46,12,697.53311
378.3,10,697.553785
381.63,11,697.582211
206.493243,49,699.433546
267.97,9,699.457774
358.32,4,699.468082
296.1,32,699.551545
364.448182,11,699.578482
298.3,10,699.603536
384.96,12,699.62034
364.98,6,699.625213
366.29,13,699.633572
281.03,16,699.674238
368.31,7,699.68384
356.3,10,699.708341
348.33,1,699.710345
356.987273,22,699.751874
340.98,6,699.765505
-726.12,200,700.131772
361.65,5,700.134637
360.762857,14,700.163652
368.31,7,700.184238
324.595714,7,700.200432
336.32,4,700.210206
317.098947,24,700.243654
361.65,5,700.249395
342.98,6,700.262445
336.32,4,700.268411
361.65,5,700.279051
358.32,4,700.289146
250.143636,22,700.322956
361.65,5,700.328096
336.32,4,700.338563
286.87,15,700.37221
332.191429,14,700.405864
362.6,20,700.445753
374.97,9,700.470811
388.29,13,700.513901
254.375263,19,700.552767
349.95,15,700.583033
372.366923,13,700.600582
351.66,2,700.619977
346.31,7,700.64052
332.99,3,700.651866
391.62,14,700.685853
391.62,14,700.7152
384.96,12,700.752917
320.98,6,700.7657
360.762857,14,700.778073
322.845714,8,700.803444
390.94,18,700.827445
381.733846,26,700.872732
312.443846,13,700.892088
350.72,12,700.915979
346.31,7,700.929185
342.448182,11,700.947417
325.84,24,700.997987
-527.36,200,701.414308
298.448182,11,701.417618
361.65,5,701.438622
353.322632,19,701.466813
-605.8,200,701.832109
342.98,6,701.843986
208.506923,39,701.902466
316.762857,14,701.92278
304.82,4,701.92278
297.605294,17,701.951776
354.191429,14,701.968858
331.14,8,701.993273
387.315882,17,702.031394
346.452857,7,702.042531
318.96,12,702.066689
356.443846,13,702.092812
364.98,6,702.116089
346.452857,7,702.136513
361.787143,21,702.200952
339.65,5,702.217371
335.505789,19,702.247449
339.65,5,702.261791
296.94,18,702.303462
336.97,9,702.311283
326.82,4,702.31392
329.66,2,702.327172
354.99,3,702.336677
325.425789,19,702.369764
354.99,3,702.376662
344.29,13,702.393322
244.239231,39,702.447654
342.98,6,702.453513
346.31,7,702.46593
347.266364,11,702.48813
354.99,3,702.492144
333.97,9,702.499511
384.96,12,702.521585
279.87,15,702.531738
-2200.76,200,702.87513
335.46,12,702.902135
324.3,10,702.921891
324.31,7,702.936357
346.452857,7,702.944852
353.322632,19,702.985895
368.31,7,703.001835
351.66,2,703.001835
245.394286,32,703.05165
381.63,11,703.066163
324.452857,7,703.066163
342.448182,11,703.114746
320.448182,11,703.148573
368.46,12,703.187544
364.98,6,703.201726
372.366923,13,703.231857
275.95,15,703.269775
360.762857,14,703.309334
313.95,15,703.335419
361.65,5,703.348585
372.533158,19,704.947386
263.905714,14,704.975725
368.46,12,704.999423
340.520769,13,705.01549
360.3,10,705.028362
364.98,6,705.037433
374.97,9,705.052531
358.32,4,705.060707
356.443846,13,705.074844
314.88,12,705.106803
271.69,29,705.152488
315.63,11,705.169369
340.98,6,705.182959
348.33,1,705.184963
340.98,6,705.190977
351.66,2,705.196326
340.98,6,705.202595
351.96,12,705.220907
354.191429,14,705.235435
318.94,18,705.270203
381.63,11,705.285439
374.97,9,705.30614
361.655,16,705.331499
326.82,4,705.33751
364.448182,11,705.365503
317.655,16,705.380049
381.63,11,705.408369
291.61,17,705.43487
353.322632,19,705.458847
332.9,6,705.46346
300.358571,21,705.493703
331.14,8,705.498891
267.97,9,705.519641
320.193529,17,705.539256
316.3,10,705.560292
319.05,13,705.560292
287.322632,19,705.596072
364.98,6,705.613417
348.94,18,705.644665
398.28,16,705.668354
321.06,10,705.679342
358.32,4,705.679342
354.99,3,705.694885
361.65,5,705.701272
342.98,6,705.713981
368.31,7,705.724515
329.905714,14,705.750442
184.728621,29,705.797335
354.99,3,705.801347
364.38,12,705.817166
326.82,4,705.819419
-607.44,200,706.399503
235.026364,11,706.436068
322.81,9,706.463773
348.94,18,706.513198
372.533158,19,706.57269
290.443846,13,706.618085
119.155172,66,706.828484
374.97,9,706.848899
364.448182,11,706.899909
347.31,8,706.928854
381.63,11,706.950548
288.191429,14,706.980323
381.63,11,707.010147
342.98,6,707.032276
266.405,16,707.093486
262.533158,19,707.154367
384.96,12,707.186955
336.97,9,707.208634
280.452857,7,707.227796
288.113529,17,707.273958
340.98,6,707.290976
371.64,8,707.32381
348.94,18,707.411368
340.6,20,707.487679
364.38,12,707.52975
-546.68,200,707.992023
-118.286774,101,708.250791
334.3,10,708.271765
336.97,9,708.294775
361.65,5,708.305265
358.32,4,708.317802
331.14,8,708.341803
351.66,2,708.347727
109.23,69,708.551368
381.733846,26,708.628511
324.595714,7,708.643086
368.31,7,708.669026
214.392727,28,708.724018
330.6,20,708.751061
361.65,5,708.759317
358.32,4,708.774477
381.63,11,708.786008
348.33,1,708.793693
342.453243,37,708.868518
368.31,7,708.881327
374.97,9,708.899293
328.22,14,708.9133
64.708621,35,708.970953
326.82,4,708.978807
332.89,9,708.978807
367.059474,19,709.018754
371.64,8,709.044731
364.448182,11,709.083201
351.66,2,709.090764
361.65,5,709.108536
360.3,10,709.140574
284.325,16,709.170269
334.3,10,709.213173
348.33,1,709.218211
347.266364,11,709.247765
328.533158,19,709.297801
-566.12,200,711.553528
379.95,15,711.588791
361.65,5,711.604732
302.22,10,711.621138
354.99,3,711.638556
368.31,7,711.639369
368.31,7,711.653623
375.87,15,711.672048
337.63,11,711.673105
172.42,63,711.755679
372.366923,13,711.766483
268.95,15,711.789487
345.334286,14,711.825339
302.82,6,711.837884
351.39,8,711.862767
336.796316,19,711.904094
359.63,11,711.935144
334.443846,13,711.962777
388.29,13,712.002929
361.65,5,712.010995
242.139412,17,712.02695
376.191429,14,712.044624
369.937826,23,712.074308
342.95,15,712.090443
384.96,12,712.116725
203.941818,52,712.171232
384.96,12,712.173237
394.95,15,712.199487
253.11,19,712.223047
373.92,24,712.258325
316.98,6,712.264839
384.96,12,712.271137
358.32,4,712.288629
320.3,10,712.304366
324.31,7,712.320962
368.31,7,712.337014
361.65,5,712.348718
334.65,5,712.363105
368.31,7,712.382904
342.98,6,712.392297
351.66,2,712.398821
345.334286,14,712.421208
293.63,11,712.430979
307.021765,17,712.446636
361.65,5,712.454624
355.97,9,712.463399
348.94,18,712.470774
361.65,5,712.493767
340.98,6,712.497773
354.99,3,712.499776
334.65,5,712.508177
314.32,4,712.512182
364.98,6,712.51819
391.62,14,712.534392
289.97,9,712.553548
330.97,9,712.570414
358.32,4,712.593945
318.96,12,712.626997
280.086667,38,712.72622
253.627143,29,712.770453
355.97,9,712.786736
358.32,4,712.792926
292.89,25,712.825905
351.66,2,712.829933
318.94,18,712.848655
307.96,12,712.862471
381.63,11,712.870997
381.733846,26,712.928607
334.94,18,712.963988
381.63,11,712.987002
351.39,8,713.00946
376.94,18,713.057205
262.31,13,713.073066
346.31,7,713.089037
309.14,8,713.089037
358.32,4,713.10362
365.896364,22,713.126484
312.443846,13,713.144552
357.448182,15,713.175663
354.99,3,713.181673
358.32,4,713.186904
374.97,9,713.20277
-1196.68,200,713.457814
302.595714,7,713.464828
346.46,12,713.483726
361.31,11,713.503531
381.63,11,713.517111
339.183529,20,713.535811
335.95,15,713.553343
322.74,4,713.569178
346.452857,7,713.571625
358.32,4,713.571625
346.452857,7,713.594409
342.3,10,713.603535
364.98,6,713.603535
378.3,10,713.638802
172.53,25,713.721562
350.95,15,713.75014
364.27,19,713.769404
327.06,8,713.782374
358.32,4,713.787349
342.448182,11,713.800245
272.94,28,713.835945
354.99,3,713.835945
369.62,14,713.865489
339.78,16,713.881262
381.63,11,713.893044
280.31,7,713.899044
276.448182,11,713.903226
336.97,9,713.916932
281.094545,16,713.916932
374.97,9,713.934635
346.452857,7,713.934635
324.3,10,713.95482
342.448182,11,713.965634
302.46,12,713.981156
384.96,12,713.993721
302.595714,7,714.002409
360.3,10,714.011739
333.89,18,714.027694
277.315882,17,714.043557
251.655,16,714.059572
336.32,4,714.059572
347.627143,21,714.091617
348.33,1,714.091617
394.95,15,714.117881
332.9,6,714.123603
371.64,8,714.139402
324.595714,7,714.139402
348.2,16,714.15951
333.97,9,714.171439
319.647692,26,714.187193
349.64,8,714.202841
320.98,6,714.202841
-1950.24,200,714.425865
280.46,12,714.434825
193.6,78,715.584884
351.66,2,715.600799
335.46,12,715.600799
358.32,4,715.616744
311.97,9,715.623007
391.62,14,715.646763
346.452857,7,715.651018
376.191429,14,715.668922
379.95,15,715.684556
361.65,5,715.684556
368.31,7,715.684556
292.9,6,715.700976
252.848947,23,715.716687
394.95,15,715.733486
339.585789,19,715.751828
348.94,18,715.769186
-623.8,200,715.969488
372.366923,13,715.986458
371.64,8,715.986458
320.448182,11,716.007658
351.39,8,716.014659
338.03,17,716.035177
212.7475,43,716.084151
266.798696,23,716.112956
371.64,8,716.130783
290.3,10,716.141999
361.65,5,716.15006
336.97,9,716.159832
358.32,4,716.163845
348.33,1,716.165854
317.655,16,716.17362
326.82,4,716.191507
368.46,12,716.207438
268.95,15,716.227054
245.817143,20,716.252855
334.65,5,716.252855
327.06,8,716.269471
325.62,14,716.284751
325.84,24,716.318939
334.3,10,716.333281
381.733846,26,716.366986
376.191429,14,716.387758
361.65,5,716.393775
363.23,7,716.403851
-783.64,200,716.649487
347.88,12,716.649487
312.73,9,716.678176
381.63,11,716.683475
336.727647,17,716.715432
361.65,5,716.715432
364.95,15,716.763415
349.64,8,716.779499
348.33,1,716.783263
295.655,16,716.81136
325.62,14,716.827362
331.14,8,716.843532
276.448182,11,716.863401
346.31,7,716.874542
340.6,20,716.899821
303.03,16,716.922477
346.31,7,716.93859
329.96,12,716.956777
354.99,3,716.958782
364.98,6,716.966333
368.46,12,716.970788
378.3,10,716.986878
364.98,6,716.986878
361.65,5,717.002748
361.65,5,717.010772
344.433529,17,717.018548
299.315882,17,717.055556
323.059474,19,717.075405
354.99,3,717.079405
351.66,2,717.081401
264.6,20,717.099138
-606.36,200,717.321222
359.63,11,717.334939
346.31,7,717.352972
280.46,12,717.366778
387.315882,17,717.3869
374.97,9,717.401302
307.764545,11,717.401302
336.15,7,717.420097
361.65,5,717.429593
394.95,15,717.449135
361.21,13,717.459413
364.448182,11,717.471583
379.95,15,717.483234
376.191429,14,717.504317
364.448182,11,717.515028
391.62,14,717.53413
364.98,6,717.53413
327.64,8,717.549077
354.191429,14,717.567956
352.97,9,717.571835
347.266364,11,717.594546
354.99,3,717.597544
344.421429,21,717.63244
318.622857,8,717.640977
368.31,7,717.648631
324.595714,7,717.648631
371.64,8,717.648631
384.96,12,717.672193
364.98,6,717.682544
352.97,9,717.693401
364.98,6,717.705265
350.366923,13,717.720627
336.97,9,717.734063
348.33,1,717.736071
266.405,16,717.746773
372.366923,13,717.772052
364.98,6,717.782256
336.206923,13,717.797319
301.334286,14,717.809178
334.65,5,717.821256
329.96,12,717.825004
361.65,5,717.840813
348.33,1,717.840813
312.902727,11,717.856367
310.191429,14,717.883118
139.908378,37,717.931234
304.9,22,717.960061
245.848947,27,717.991244
282.616923,14,718.004102
283.95,15,718.025261
378.3,10,718.04739
374.97,9,718.057078
353.322632,19,718.072215
325.89,10,719.550008
352.97,9,719.56417
364.95,15,719.580647
369.62,14,719.596917
354.99,3,719.596917
310.94,18,719.632043
384.96,12,719.65393
356.443846,13,719.674134
326.82,4,719.680273
339.23,7,719.696761
334.443846,13,719.724665
348.33,1,719.728659
378.3,10,719.753949
258.597692,13,719.779839
361.787143,21,719.813516
334.65,5,719.823634
364.448182,11,719.834412
371.64,8,719.839439
384.96,12,719.855253
364.98,6,719.869117
364.98,6,719.876424
340.98,6,719.887136
342.372857,7,719.900668
364.98,6,719.908282
329.021765,17,719.93628
294.762857,14,719.965842
-1425.36,200,720.213189
368.31,7,720.224878
284.164286,21,720.251313
354.99,3,720.25531
348.33,1,720.257309
333.97,9,720.270244
195.374286,42,720.312621
364.98,6,720.326158
360.948182,13,720.339097
256.98,8,720.345807
364.448182,11,720.357974
361.65,5,720.366194
336.32,4,720.366194
303.266364,11,720.379787
274.6,20,720.405704
316.3,10,720.405704
-550.0,200,720.695795
358.32,4,720.718131
378.3,10,720.729658
-1979.52,200,720.999355
339.65,5,721.000361
349.95,15,721.032359
346.31,7,721.048473
351.66,2,721.062459
264.139412,17,721.080331
340.94,18,721.105149
364.95,15,721.120803
279.516364,12,721.138449
330.084545,11,721.144911
282.52,20,721.170805
384.96,12,721.184429
321.766364,13,721.199704
327.64,8,721.206752
356.3,10,721.222629
269.61,17,721.267263
298.608571,22,721.302531
362.6,20,721.327831
339.787143,21,721.344932
346.31,7,721.358973
361.65,5,721.363962
140.82,70,721.478386
379.95,15,721.512967
328.14,10,721.541192
351.66,2,721.544817
290.3,10,721.563579
354.99,3,721.563579
325.848947,19,721.579531
368.31,7,721.595863
316.98,8,721.595863
340.98,6,721.611642
348.33,1,721.611642
347.03,16,721.632291
346.46,12,721.632291
376.191429,14,721.657778
368.46,12,721.66193
364.98,6,721.680095
347.266364,11,721.680095
334.65,5,721.695235
361.65,5,721.695235
-556.12,200,722.027353
346.452857,7,722.044766
372.366923,13,722.072678
340.96,12,722.096253
351.66,2,722.096253
371.64,8,722.114365
294.94,18,722.128327
348.94,18,722.154678
318.98,6,722.160951
316.98,6,722.160951
354.99,3,722.160951
361.65,5,722.160951
329.96,12,722.191803
358.32,4,722.196432
326.82,4,722.200438
378.3,10,722.209453
340.98,6,722.217068
361.65,5,722.221073
340.98,6,722.229099
294.94,18,722.245956
223.042609,30,722.277817
374.97,9,722.290782
281.266364,11,722.302547
328.14,10,722.315046
329.96,12,722.329509
340.98,6,722.334531
348.33,1,722.334531
381.63,11,722.367062
342.93,25,722.427451
199.356364,12,722.444535
342.98,6,722.471869
381.63,11,722.492874
394.95,15,723.660218
307.39,8,723.680372
361.17,24,723.708939
346.452857,7,723.708939
364.98,6,723.72825
346.31,7,723.732263
362.96,12,723.742416
364.448182,11,723.761174
374.97,9,723.761174
348.33,1,723.761174
334.65,5,723.780259
376.191429,14,723.797128
364.98,6,723.81048
361.65,5,723.820338
292.197143,30,723.861685
302.453158,19,723.893034
340.6,20,723.945372
394.95,15,723.977828
333.97,9,723.980372
354.99,3,723.994959
394.95,15,724.015136
361.65,5,724.019143
348.33,1,724.021146
352.97,9,724.026162
351.66,2,724.026162
312.443846,13,724.05295
324.595714,7,724.069019
368.31,7,724.084801
159.026364,11,724.11457
353.322632,19,724.148197
369.03,16,724.178613
330.97,9,724.196525
316.3,10,724.210538
346.452857,7,724.210538
364.448182,11,724.228369
306.533158,19,724.243663
342.372857,7,724.25816
351.66,2,724.25816
346.31,7,724.25816
364.98,6,724.277647
334.443846,13,724.290397
361.65,5,724.290397
317.65,5,724.290397
347.266364,11,724.308919
-566.92,200,724.518323
331.14,8,724.524881
308.97,9,724.524881
358.32,4,724.524881
276.448182,11,724.542385
381.63,11,724.563094
376.191429,14,724.581046
348.94,18,724.592046
-562.8,200,724.835318
368.31,7,724.841446
346.452857,7,724.851306
333.97,9,724.851306
302.94,18,724.88074
276.97,9,724.883255
336.97,9,724.903364
355.97,9,724.917203
364.98,6,724.933491
347.266364,11,724.962283
271.63,11,724.983715
376.191429,14,725.004543
-581.52,200,725.21394
336.32,4,725.21394
334.65,5,725.229818
333.97,9,725.229818
384.96,12,725.245956
381.733846,26,725.293876
374.97,9,725.311648
-557.84,200,725.592014
339.78,16,725.626732
219.458182,36,725.705919
368.31,7,725.721701
361.65,5,725.740662
358.32,4,725.740662
-557.84,200,726.007882
333.97,9,726.007882
351.96,12,726.041596
342.448182,11,726.057512
334.3,10,726.095028
323.87,15,726.133798
348.33,1,726.13683
359.63,11,726.168365
325.62,14,726.209384
310.78,20,726.260276
368.31,7,726.273946
304.94,18,726.294075
314.93,25,726.325084
347.62,14,726.341151
-1464.04,200,727.556458
320.448182,11,727.579464
371.64,8,727.590616
381.733846,26,727.639028
354.191429,14,727.665792
334.65,5,727.670791
388.29,13,727.689616
324.602857,14,727.713701
306.366923,13,727.732223
348.33,1,727.734229
374.97,9,727.741628
348.33,1,727.741628
358.32,4,727.757547
291.95,15,727.776266
312.72,12,727.78875
324.31,7,727.796777
351.66,2,727.798781
334.65,5,727.804513
-612.52,200,728.022353
388.29,13,728.027378
356.3,10,728.047664
339.78,16,728.068552
-1437.8,200,728.288882
358.32,4,728.30425
330.97,9,728.32238
312.902727,11,728.330605
352.97,9,728.346707
271.63,11,728.361325
352.363846,13,728.37319
354.191429,14,728.392508
384.96,12,728.412578
365.315882,17,728.425699
368.31,7,728.441524
196.388182,33,728.488233
324.597692,13,728.524711
351.66,2,728.524711
213.551176,17,728.544803
330.97,9,728.555852
347.03,16,728.575276
342.448182,11,728.589508
330.6,20,728.619248
263.905714,14,728.634899
320.372857,7,728.639179
388.29,13,728.655306
336.32,4,728.655306
378.3,10,728.67187
350.79,15,728.68848
346.31,7,728.699817
324.595714,7,728.711686
324.595714,7,728.717701
276.283846,13,728.73385
387.315882,17,728.753376
374.97,9,728.754378
364.98,6,728.771552
-660.6,200,728.990745
368.46,12,729.006619
368.31,7,729.006619
280.94,18,729.035582
320.515714,7,729.037781
306.81,8,729.037781
331.14,8,729.060496
381.63,11,729.071174
388.29,13,729.084939
328.533158,19,729.103396
368.31,7,729.11796
388.358571,21,729.147226
360.762857,14,729.162965
137.96,20,729.204445
365.79,15,729.2394
394.95,15,729.275247
337.8,12,729.288238
328.533158,19,729.32883
288.191429,14,729.350859
328.366923,13,729.37095
268.443846,13,729.38845
323.405,17,729.411321
264.139412,17,729.427013
368.46,12,729.44714
346.31,7,729.455158
371.64,8,729.455158
280.94,18,729.472074
310.94,18,729.488804
341.082632,19,729.519587
346.31,7,729.530901
362.96,12,729.544755
238.27,23,729.573163
308.97,9,729.581198
361.65,5,729.588313
368.31,7,729.588313
287.14,8,729.588313
315.63,11,729.603552
379.95,15,729.629697
317.65,5,729.633705
359.63,11,729.64158
324.595714,7,729.654474
335.46,12,729.670805
347.62,14,729.687991
374.97,9,729.699393
356.443846,13,729.705441
290.3,10,729.722175
262.79,15,729.735739
398.28,16,729.737362
351.572632,20,729.780484
332.99,3,729.789703
326.82,4,729.802336
368.31,7,729.819423
364.98,6,729.819423
346.46,12,729.849028
398.28,16,729.870428
368.31,7,729.880703
279.552609,25,729.911538
334.65,5,729.911538
356.443846,13,729.936969
323.059474,19,729.959027
356.443846,13,729.969763
379.95,15,729.988489
364.95,16,730.006862
384.96,12,730.007467
302.452857,7,730.022822
326.82,4,730.022822
324.597692,13,730.038796
324.595714,7,730.038796
354.99,3,730.038796
351.66,2,730.054631
278.912857,21,731.202306
347.266364,11,731.226784
339.78,16,731.235169
288.191429,14,731.260136
340.98,6,731.268162
372.366923,13,731.285834
332.99,3,731.290493
304.98,14,731.304886
326.82,4,731.304886
333.97,9,731.31847
324.452857,7,731.327045
298.094286,34,731.35292
204.530769,14,731.37579
325.848947,19,731.394107
-1264.52,200,731.652942
351.66,2,731.656496
388.29,13,731.677308
330.97,9,731.691016
388.29,13,731.706924
352.97,9,731.719994
351.39,8,731.719994
323.87,15,731.734506
337.63,11,731.760703
361.65,5,731.765722
388.29,13,731.78337
388.29,13,731.797406
381.63,11,731.811486
340.98,6,731.818658
-1383.92,200,732.091784
314.32,4,732.093798
335.95,15,732.122433
384.96,12,732.205304
398.28,16,732.251272
344.29,13,732.286329
381.63,11,732.300768
368.31,7,732.300768
238.38,20,732.330753
352.97,9,732.34455
299.81,25,732.384755
344.29,13,732.403298
336.97,9,732.419419
398.28,16,732.44931
361.17,24,732.475437
314.796316,19,732.503412
292.32,4,732.512611
354.99,3,732.520029
351.66,2,732.522042
303.63,15,732.533756
306.325,16,732.567875
271.924545,11,732.579698
325.266364,11,732.600956
294.94,18,732.617004
376.191429,14,732.640242
381.733846,26,732.667822
384.96,12,732.701408
350.366923,13,732.727703
346.71,15,732.754844
384.96,12,732.77724
351.96,12,732.799526
291.61,17,732.817462
166.78,20,732.849514
391.62,14,732.876741
380.796316,19,732.908843
384.96,12,732.928213
317.39,13,732.95419
360.3,10,732.971268
337.63,11,732.988111
364.448182,11,733.001152
398.28,16,733.037532
364.98,6,733.056692
391.62,14,733.083969
305.64,8,733.09999
334.65,5,733.116683
362.96,12,733.153734
-649.24,200,733.507664
-659.8,200,733.816567
368.187826,24,733.860228
346.31,7,733.866114
329.96,12,733.890014
354.99,3,733.893263
348.33,1,733.896744
-598.96,200,734.309633
288.3,12,734.331258
329.96,12,734.350341
351.66,2,734.351089
335.46,12,734.371475
378.3,10,734.3883
336.32,4,734.399901
298.448182,11,734.416945
304.42,24,734.477398
333.97,9,734.493087
339.686364,13,735.994577
364.448182,11,736.030599
398.28,16,736.04687
339.65,5,736.06771
-612.52,200,736.418973
358.32,4,736.422987
288.23,11,736.444635
374.97,9,736.454596
209.941818,36,736.508737
358.32,4,736.513256
347.03,16,736.535593
287.560909,11,736.54674
232.1,56,736.613839
339.162632,19,736.705605
368.31,7,736.741396
358.32,4,736.755233
372.366923,13,736.787637
391.62,14,736.824016
325.848947,19,736.857044
364.98,6,736.873166
320.98,6,736.880618
-551.68,200,737.197908
278.12,16,737.243691
388.29,13,737.259683
308.97,9,737.273198
368.286923,13,737.279507
374.97,9,737.299787
351.66,2,737.301792
348.33,1,737.303795
334.65,5,737.309547
371.64,8,737.320685
324.31,7,737.33319
354.99,3,737.341089
329.66,2,737.347603
322.34,24,737.38237
330.084545,11,737.393574
339.23,7,737.403066
-585.96,200,737.720541
398.28,16,737.742517
374.97,9,737.756227
347.266364,11,737.769106
342.448182,11,737.781154
360.762857,14,737.807412
372.366923,13,737.822197
358.32,4,737.830741
346.452857,7,737.830741
355.97,9,737.851982
342.3,10,737.86227
359.63,11,737.88684
356.3,10,737.904277
381.63,11,737.919963
384.96,12,737.937092
372.95,15,737.951213
374.97,9,737.967035
280.46,12,737.989078
254.283846,13,737.99811
368.31,7,738.014112
339.78,16,738.032378
360.762857,14,738.045934
348.33,1,738.048696
354.99,3,738.050702
378.3,10,738.054713
-1244.88,200,738.358155
318.96,12,738.361399
302.14,10,738.37778
373.021765,17,738.406017
316.762857,14,738.427884
334.65,5,738.433915
364.448182,11,738.445618
329.39,8,738.445618
365.315882,17,738.475787
364.27,19,738.510901
346.452857,7,738.527817
388.29,13,738.545066
247.61,17,738.565384
369.62,14,738.596509
364.98,6,738.607208
354.99,3,738.610962
352.97,9,738.610962
-571.36,200,738.92246
283.2,16,738.936254
324.94,18,738.971172
316.98,6,738.978756
354.99,3,738.985715
351.39,8,738.991727
347.266364,11,739.007596
359.63,11,739.02956
364.98,6,739.04188
336.97,9,739.061438
300.29,13,739.078201
314.97,9,739.083631
340.98,6,739.106948
391.62,14,739.128663
-580.36,200,741.056806
355.97,9,741.083154
308.6,20,741.135186
310.435714,7,741.152807
398.28,16,741.202099
371.64,8,741.21806
344.433529,17,741.245147
328.366923,13,741.280888
346.31,7,741.308622
358.727647,17,741.342687
353.322632,19,741.394704
339.65,5,741.406251
336.97,9,741.418663
324.3,10,741.445558
334.65,5,741.452605
311.97,9,741.47343
281.565652,23,741.530841
364.98,6,741.545863
302.82,6,741.556499
248.97,9,741.580237
361.65,5,741.600691
360.3,10,741.633293
374.97,9,741.66261
359.63,11,741.697715
290.97,25,741.770851
334.3,10,741.792117
381.63,11,741.810006
352.97,9,741.829221
375.87,15,741.849707
333.97,9,741.859285
354.99,3,741.859285
342.448182,11,741.877004
398.28,16,741.918944
281.266364,11,741.944717
204.373158,19,741.988942
326.82,4,741.995347
189.28,28,742.032572
371.64,8,742.038334
324.31,7,742.058581
358.32,4,742.058581
319.03,19,742.091107
372.366923,13,742.12516
298.448182,11,742.143557
343.186364,11,742.172966
207.61,29,742.228525
372.366923,13,742.260758
362.96,12,742.276075
361.65,5,742.276075
351.66,2,742.276075
355.97,9,742.292138
378.3,10,742.301988
286.139412,17,742.327149
398.28,16,742.340998
372.366923,13,742.376192
384.96,12,742.409065
342.448182,11,742.438562
259.266364,11,742.454161
332.1,20,742.492814
345.334286,14,742.519414
342.448182,11,742.532765
360.762857,14,742.540928
324.595714,7,742.562382
342.448182,11,742.575417
357.448182,15,742.591314
384.96,12,742.60999
354.99,3,742.618119
346.452857,7,742.626688
354.99,3,742.626688
368.31,7,742.640992
333.97,9,742.658644
334.95,15,742.674869
351.39,8,742.691111
330.084545,11,742.707718
360.3,10,742.723171
295.655,16,742.723171
364.98,6,742.740449
320.98,6,742.740449
334.14,10,742.755117
350.366923,13,742.780456
349.95,15,742.792918
346.452857,7,742.804731
358.32,4,742.810756
303.266364,11,742.824549
-612.52,200,743.077897
-611.96,200,743.356864
189.768621,29,743.397814
339.78,16,743.403839
361.65,5,743.419931
330.97,9,743.431209
354.99,3,743.43322
368.31,7,743.440806
381.63,11,743.440806
259.848947,19,743.474822
339.655,16,743.489838
316.98,6,743.496099
119.73,16,743.518637
348.33,1,743.520642
368.31,7,743.525442
292.861765,17,743.56396
354.99,3,743.566959
340.98,6,743.574422
354.99,3,743.582604
374.97,9,743.60121
334.65,5,743.611547
281.03,16,743.633674
361.65,5,743.642079
376.191429,14,743.664016
302.3,10,743.685259
356.3,10,743.699635
361.65,5,743.710369
391.62,14,743.72189
394.95,15,743.752503
285.65,5,743.779949
324.595714,7,743.817078
354.99,3,743.834901
-1336.16,200,744.114763
376.94,18,744.146294
232.412609,23,744.178972
384.6,20,744.212962
368.46,12,744.230884
-537.52,200,745.893933
374.97,9,745.909967
320.3,10,745.925635
-819.56,200,746.223739
317.65,5,746.23474
379.95,15,746.255088
360.3,10,746.28108
376.191429,14,746.307081
384.96,12,746.335332
394.95,15,746.36655
381.733846,26,746.419116
368.31,7,746.436393
361.65,5,746.444774
394.533158,19,746.474059
339.65,5,746.491375
351.66,2,746.491375
376.191429,14,746.518103
364.98,6,746.530451
280.452857,7,746.537486
334.65,5,746.552618
346.31,7,746.567063
351.66,2,746.571741
348.33,1,746.574544
292.97,9,746.587686
388.29,13,746.607578
374.97,9,746.626862
368.31,7,746.637823
312.443846,13,746.655082
309.14,8,746.671875
361.65,5,746.683466
188.79,15,746.711637
368.31,7,746.720603
354.99,3,746.726468
354.99,3,746.730479
379.95,15,746.756074
337.63,11,746.775152
372.366923,13,746.787159
330.97,9,746.811316
285.39,8,746.827063
303.266364,11,746.848776
281.560909,11,746.848776
281.03,16,746.880477
351.66,2,746.882483
330.97,9,746.898192
272.762857,14,746.919962
273.655,16,746.943851
334.65,5,746.953876
342.448182,11,746.959646
368.31,7,746.974869
137.42,83,747.066823
303.88,12,747.077402
294.3,10,747.095531
358.32,4,747.102958
384.96,12,747.125252
371.64,8,747.140542
340.98,6,747.146561
378.3,10,747.153047
231.822857,46,747.228446
324.31,7,747.238752
-550.0,200,747.569979
342.448182,11,747.587526
361.65,5,747.587526
321.075,16,747.618804
302.3,10,747.629647
-582.76,200,747.86561
328.366923,13,747.897048
298.95,15,747.921454
304.501429,21,747.944354
356.443846,13,747.956853
391.62,14,747.968832
348.33,1,747.968832
358.32,4,747.976215
351.66,2,747.976215
-774.8,200,748.278678
347.266364,11,748.298908
332.693846,14,748.310585
346.452857,7,748.325589
323.516364,12,748.341664
381.63,11,748.354297
361.65,5,748.358296
391.62,14,748.368991
340.98,6,748.368991
315.63,11,748.401284
156.37,32,748.435726
324.46,12,748.452741
324.31,7,748.462666
327.44,20,748.485367
346.46,12,748.485367
384.96,12,748.509777
328.334545,12,748.516808
328.533158,19,748.534717
342.98,6,748.551325
-557.84,200,749.88401
361.65,5,749.88401
340.98,6,749.892116
354.99,3,749.892116
347.31,8,749.900675
358.32,4,749.915178
358.32,4,749.921843
256.81,9,749.932944
339.65,5,749.939344
331.14,8,749.950321
351.66,2,749.954457
300.72,12,749.970894
334.94,18,749.994104
351.66,2,749.996108
372.366923,13,750.012007
384.96,12,750.033067
354.99,3,750.037908
199.42,35,750.087589
180.30931,29,750.127495
353.322632,19,750.164827
279.7575,32,750.218622
316.98,8,750.218622
142.416667,27,750.275
336.32,4,750.284075
-577.52,200,750.617867
359.63,11,750.632376
342.98,6,750.648642
361.65,5,750.649495
381.63,11,750.649495
271.63,11,750.666214
327.118696,23,750.699908
374.97,9,750.712196
348.33,1,750.714203
374.97,9,750.716708
342.448182,11,750.730176
358.32,4,750.740452
350.366923,13,750.748943
381.63,11,750.766279
381.63,11,750.766279
302.441429,31,750.799423
375.87,15,750.819809
354.99,3,750.823821
346.452857,7,750.825824
361.65,5,750.838606
345.334286,14,750.857581
371.64,8,750.870457
342.95,15,750.889667
381.63,11,750.9058
334.65,5,750.912517
334.443846,13,750.921456
314.97,9,750.937142
342.448182,11,750.953037
374.97,9,750.953037
302.94,18,750.98611
351.66,2,750.988106
374.97,9,750.995116
334.443846,13,751.009292
342.3,10,751.01606
334.443846,13,751.032137
371.64,8,751.032137
294.23,11,751.051683
366.29,13,751.062385
359.63,11,751.074223
313.95,15,751.088921
356.3,10,751.100915
361.65,5,751.100915
354.191429,14,751.115899
320.175789,22,751.149066
290.277692,13,751.157835
310.191429,14,751.177723
339.162632,19,751.18952
-550.0,200,751.4497
302.595714,7,751.4497
268.114615,13,751.469531
391.62,14,751.482649
338.3,10,751.499156
388.29,13,751.499156
372.366923,13,751.526689
328.366923,13,751.542465
330.97,9,751.553585
358.32,4,751.557592
298.95,15,751.567312
347.266364,11,751.58272
314.9,6,751.58272
284.434615,13,751.598845
120.977059,73,751.665339
378.3,10,751.665339
324.31,7,751.682558
374.97,9,751.682558
333.97,9,751.699379
342.3,10,751.71788
349.64,8,751.733212
340.98,6,751.745519
312.941429,25,751.765371
358.32,4,751.765371
358.32,4,751.782745
372.366923,13,751.788357
384.96,12,751.808875
284.366923,13,751.815066
324.452857,7,751.826646
293.391176,17,751.858975
348.33,1,751.858975
384.96,12,751.898966
354.99,3,751.898966
349.64,8,751.922548
384.96,12,751.954327
359.63,11,751.983559
394.95,15,752.014071
27.299412,45,752.068591
374.97,9,752.075584
381.63,11,752.088921
364.98,6,752.094941
364.98,6,752.098474
326.82,4,752.098474
347.266364,11,752.12489
243.174286,14,752.142865
342.448182,11,752.16292
-582.76,200,752.380763
334.65,5,752.380763
388.29,13,752.397985
374.97,9,752.397985
316.98,6,753.406712
-645.56,200,753.597158
376.191429,14,753.625051
360.762857,14,753.643413
334.443846,13,753.663939
355.97,9,753.679648
358.32,4,753.680707
334.65,5,753.680707
334.65,5,753.680707
359.012857,15,753.696834
354.87,16,753.715015
351.66,2,753.715015
364.98,6,753.728513
334.3,10,753.728513
354.99,3,753.747062
313.95,15,753.763093
361.65,5,753.765109
361.65,5,753.765109
292.32,4,753.77633
371.64,8,753.77633
332.191429,14,753.792477
351.66,2,753.792477
374.97,9,753.814917
339.611429,20,753.831985
339.816364,22,753.87194
348.33,1,753.87395
348.33,1,753.875956
320.49,5,753.884116
316.98,6,753.887883
348.33,1,753.887883
378.3,10,753.90409
353.322632,19,753.93445
368.31,7,753.941967
324.452857,7,753.952976
391.62,14,753.983925
348.94,18,754.006701
378.3,10,754.015125
342.448182,11,754.031219
354.99,3,754.031219
313.6,20,754.047296
229.139231,41,754.095851
379.95,15,754.117006
290.3,10,754.12986
355.97,9,754.142407
346.452857,7,754.153649
391.62,14,754.169926
348.33,1,754.170929
380.796316,19,754.189212
358.32,4,754.193218
324.597692,13,754.209105
327.12,20,754.229898
-1319.64,200,754.468748
352.97,9,754.482147
340.78,18,754.514756
361.65,5,754.514756
346.46,12,754.528991
347.03,16,754.545584
273.720909,11,754.545584
339.23,7,754.564618
383.655,16,754.580885
336.727647,17,754.610709
352.97,9,754.622711
391.62,14,754.633671
358.32,4,754.633671
364.38,12,754.651954
340.98,6,754.657965
388.29,13,754.662868
358.32,4,754.662868
360.762857,14,754.679605
378.3,10,754.70711
384.96,12,754.719539
348.94,18,754.727876
345.334286,14,754.762553
319.869231,26,754.81883
354.99,3,754.828407
346.31,7,754.838201
-1298.96,200,755.124544
339.65,5,755.129014
337.12,16,755.147276
361.65,5,755.147276
369.03,16,755.166883
372.366923,13,755.172638
354.99,3,755.172638
230.78,18,755.195655
342.3,10,755.215726
251.527674,43,755.262037
354.405,16,755.294007
336.32,4,755.308054
358.32,4,755.31507
308.139412,17,755.327789
357.61,17,755.357217
298.98,6,755.365605
373.92,24,755.395213
354.99,3,755.399103
373.155882,17,755.417841
360.3,10,755.428678
307.96,12,755.43964
361.787143,21,755.462956
371.64,8,755.477704
346.31,7,755.478243
371.64,8,755.478243
310.8,12,755.505239
352.97,9,755.515638
334.65,5,755.520287
394.95,15,755.541279
330.97,9,755.547567
-1290.72,200,755.766846
298.95,15,755.777979
368.31,7,755.777979
371.64,8,755.792741
364.98,6,755.792741
353.322632,19,755.816028
369.03,16,755.827908
309.59,24,755.856276
195.191818,57,757.111582
378.3,10,757.11792
364.98,6,757.129878
333.755789,20,757.148294
312.65,5,757.154305
351.66,2,757.156309
371.64,8,757.16213
376.191429,14,757.176625
368.46,12,757.197612
266.28,16,757.218119
361.65,5,757.227202
340.98,6,757.235241
384.96,12,757.243056
378.3,10,757.25506
374.97,9,757.260382
384.96,12,757.270927
289.97,9,757.287089
342.95,15,757.302994
376.94,18,757.326781
381.63,11,757.343459
348.33,1,757.345557
339.78,16,757.360215
359.63,11,757.369194
371.64,8,757.376408
354.99,3,757.382514
388.29,13,757.397627
369.03,16,757.416183
354.99,3,757.418186
356.3,10,757.430673
356.3,10,757.438208
321.54,22,757.459491
378.3,10,757.479621
341.81,9,757.488912
306.533158,19,757.507718
361.65,5,757.520315
383.655,16,757.542603
251.655,16,757.576703
326.19,23,757.594025
362.6,20,757.618442
334.443846,13,757.630502
324.3,10,757.677342
368.187826,24,757.738678
317.65,5,757.755047
368.31,7,757.772799
388.29,13,757.810115
248.97,9,757.833868
374.97,9,757.843479
372.366923,13,757.865695
351.66,2,757.867693
360.3,10,757.884397
354.99,3,757.887388
372.366923,13,757.892632
355.97,9,757.908631
348.33,1,757.911311
357.6,20,757.93243
388.29,13,757.955496
374.97,9,757.960812
347.03,16,757.98966
-1358.48,200,758.242062
307.65,5,758.251917
346.31,7,758.258967
368.31,7,758.264988
320.3,10,758.275635
307.853529,23,758.29987
293.012857,15,758.310997
351.66,2,758.310997
346.46,12,758.332456
374.97,9,758.350273
274.324286,21,758.404238
356.3,10,758.429769
378.3,10,758.461447
381.733846,26,758.51914
339.787143,21,758.538028
336.273529,17,758.547892
347.88,12,758.558736
318.94,18,758.583701
289.97,9,758.596709
329.66,2,758.598711
354.99,3,758.602716
-553.44,200,758.834198
388.29,13,758.865045
359.9,6,758.88087
356.3,10,758.896885
365.315882,17,758.925373
348.33,1,758.927462
358.32,4,758.931465
368.31,7,758.936471
368.31,7,758.945117
347.266364,11,758.956116
332.191429,14,758.970718
251.78,16,758.974968
330.97,9,759.000425
354.99,3,759.000425
367.02,20,759.031066
335.46,12,759.041985
346.31,7,759.054604
364.98,6,759.059826
379.95,15,759.079323
361.48,8,759.086354
339.585789,19,759.118068
306.533158,19,759.134099
381.63,11,759.149937
250.762857,14,759.171901
372.366923,13,759.182508
374.97,9,759.197506
371.64,8,759.197506
251.78,16,759.219678
364.98,6,759.228998
340.98,6,759.228998
364.98,6,759.243821
365.896364,22,759.260695
315.63,11,759.276712
352.97,9,759.276712
371.64,8,759.295253
355.97,9,759.303752
285.184615,16,759.30776
354.99,3,759.319974
334.65,5,759.330126
398.28,16,759.358268
342.95,15,759.39679
364.98,6,759.408975
347.62,14,759.442913
352.97,9,759.459186
351.39,8,759.478666
345.516364,12,759.493816
-601.84,200,759.793457
398.28,16,759.804198
360.3,10,759.820433
376.28,16,759.833805
242.65,25,761.005975
281.62,14,761.022679
384.6,20,761.058534
358.32,4,761.063528
329.39,8,761.074215
348.33,1,761.075221
354.99,3,761.078218
324.94,18,761.094677
336.97,9,761.10531
293.49,5,761.10531
391.62,14,761.124756
381.63,11,761.141326
307.39,8,761.148999
308.75,27,761.173793
355.97,9,761.189495
368.46,12,761.200508
355.97,9,761.210456
298.448182,11,761.221932
93.351429,42,761.264053
361.65,5,761.276497
-612.52,200,761.58292
376.191429,14,761.610268
376.94,18,761.641157
-1336.28,200,761.838478
-1853.6,200,762.071063
346.452857,7,762.071063
391.62,14,762.089154
336.97,9,762.113451
335.634545,22,762.134399
360.3,10,762.140423
361.65,5,762.140423
351.66,2,762.154487
384.96,12,762.154487
316.3,10,762.169396
336.727647,17,762.195604
361.787143,21,762.221534
332.191429,14,762.233341
368.31,7,762.237998
364.98,6,762.24934
351.66,2,762.24934
327.64,8,762.255623
325.595789,20,762.265159
305.64,8,762.281942
332.99,3,762.283947
376.94,18,762.30906
340.98,6,762.314788
309.14,8,762.323455
324.46,12,762.328767
347.31,8,762.344608
354.99,3,762.351156
361.65,5,762.357193
358.32,4,762.360439
-578.68,200,762.558757
272.732727,22,762.571567
281.62,14,762.588378
63.82,114,762.72145
339.65,5,762.728163
340.98,6,762.73017
374.97,9,762.738136
374.97,9,762.751252
368.31,7,762.753038
357.61,17,762.76809
366.636316,19,762.79753
334.3,10,762.804328
274.96,12,762.824435
331.14,8,762.831606
310.68,24,762.847454
347.03,16,762.863214
312.902727,11,762.872825
373.92,24,762.903548
383.655,16,762.911387
338.762857,14,762.934342
346.452857,7,762.937358
330.943846,15,762.958205
374.97,9,762.959208
336.97,9,762.975152
342.448182,11,762.975152
263.49,9,762.993104
357.95,15,763.009149
361.65,5,763.011157
344.433529,17,763.028896
346.46,12,763.039437
346.46,12,763.039437
359.012857,15,763.054577
322.29,13,763.070698
316.98,6,763.091367
273.655,16,763.133879
334.65,5,763.14584
318.96,12,763.172188
-442.328276,116,763.324956
358.32,4,763.330899
384.96,12,763.343002
348.33,1,763.343002
381.63,11,763.364906
361.65,5,763.366914
359.63,11,763.374409
368.46,12,764.521684
347.266364,11,764.539551
381.63,11,764.550999
294.98,6,764.560654
334.65,5,764.562659
351.39,8,764.574827
280.452857,7,764.58085
336.727647,17,764.602839
351.66,2,764.608396
350.366923,13,764.618526
381.63,11,764.63247
339.65,5,764.63714
348.33,1,764.642231
381.63,11,764.655416
302.46,12,764.675783
354.191429,14,764.694425
368.46,12,764.710396
368.31,7,764.719718
368.31,7,764.728561
344.433529,17,764.753279
306.366923,13,764.771615
343.8,12,764.782623
361.65,5,764.790158
354.65,9,764.798193
368.31,7,764.80596
348.33,1,764.80596
320.448182,11,764.819567
376.94,18,764.843308
371.64,8,764.854416
394.95,15,764.86894
378.3,10,764.886025
361.65,5,764.894683
358.32,4,764.900096
342.98,6,764.908215
351.66,2,764.910219
369.03,16,764.93136
368.31,7,764.941894
351.66,2,764.941894
371.64,8,764.952201
322.29,13,764.968954
333.97,9,764.973705
290.14,10,764.987682
258.46,12,764.993124
334.3,10,765.004678
374.97,9,765.020691
358.32,4,765.026679
348.33,1,765.026679
388.29,13,765.040667
306.366923,13,765.052893
388.29,13,765.0691
334.65,5,765.073004
320.3,10,765.087713
33.744545,129,765.224439
361.65,5,765.226953
364.98,6,765.226953
355.97,9,765.245788
348.33,1,765.245788
315.924545,11,765.260776
323.697826,23,765.289612
322.81,9,765.296615
361.65,5,765.302338
342.448182,11,765.313425
340.98,6,765.320324
230.277692,13,765.327345
346.46,12,765.343282
372.366923,13,765.354017
294.762857,14,765.366842
330.97,9,765.380364
381.63,11,765.394172
309.14,8,765.403999
384.96,12,765.412066
348.33,1,765.418958
378.3,10,765.427405
372.366923,13,765.440948
354.99,3,765.443834
339.65,5,765.445839
307.39,8,765.462063
336.97,9,765.474944
371.64,8,765.475479
-1293.28,200,765.694404
337.174286,14,765.711373
381.63,11,765.721672
368.46,12,765.736874
326.623636,22,765.760281
371.64,8,765.765437
358.32,4,765.765437
336.32,4,765.781245
284.691429,16,765.812508
361.65,5,765.827814
351.39,8,765.848011
358.32,4,765.859527
391.62,14,765.878495
388.29,13,765.884208
324.597692,13,765.907867
292.97,9,765.924456
360.762857,14,765.94547
293.10087,24,765.970453
334.3,10,765.9795
333.97,9,765.993942
376.191429,14,766.013307
376.94,18,766.033999
364.98,6,766.043026
339.65,5,766.045682
354.99,3,766.051697
334.3,10,766.063538
376.191429,14,766.080484
330.6,20,766.104353
336.97,9,766.104353
352.97,9,766.120009
276.448182,11,766.13359
372.95,15,766.148327
288.28,16,766.163935
340.98,6,766.168191
335.448182,15,766.192922
358.32,4,766.200118
371.64,8,766.202123
324.3,10,766.22609
320.94,18,766.244708
378.3,10,766.256491
343.8,12,766.269683
351.66,2,766.269683
315.63,11,766.282561
362.6,20,766.30497
340.98,6,766.310162
351.96,12,766.324444
364.448182,11,766.338202
-569.12,200,766.551808
354.99,3,766.551808
354.99,3,766.551808
358.32,4,766.568978
302.452857,7,766.568978
354.405,16,766.600874
371.64,8,766.600874
346.31,7,766.600874
327.64,8,766.618749
326.82,4,766.618749
334.443846,13,766.634061
348.33,1,766.634061
356.3,10,766.658292
348.94,18,766.677293
381.63,11,766.684711
258.28,20,766.716486
317.65,5,766.725293
351.66,2,766.727296
352.944783,23,766.757778
300.29,13,766.775258
348.94,18,766.80242
329.96,12,766.816926
316.98,6,766.817564
289.97,9,766.834788
274.96,12,766.858626
354.191429,14,766.892297
351.96,12,766.904966
326.82,4,766.910967
368.31,7,766.916459
314.97,9,766.929358
326.82,4,766.935654
374.97,9,766.935654
348.33,1,766.935654
-1214.16,200,768.376494
340.98,6,768.390407
351.66,2,768.394815
348.33,1,768.396818
311.97,9,768.411937
360.3,10,768.423579
388.29,13,768.448015
381.63,11,768.472936
374.97,9,768.487286
324.595714,7,768.493287
361.65,5,768.499919
381.63,11,768.499919
300.29,13,768.534555
368.31,7,768.534555
292.97,9,768.55518
325.65,13,768.570185
351.66,2,768.572193
388.29,13,768.598084
324.595714,7,768.609986
364.98,6,768.618502
360.441429,23,768.648151
352.97,9,768.648151
294.139412,25,768.692326
378.3,10,768.700881
339.65,5,768.700881
301.516364,12,768.716821
-1341.28,200,769.003351
271.63,11,769.01235
-1252.04,200,769.286124
361.65,5,769.292137
340.96,12,769.305865
388.29,13,769.330767
347.31,8,769.333348
374.97,9,769.350028
288.55,11,769.36133
330.97,9,769.373686
364.98,6,769.379439
-3146.32,200,769.613831
348.94,18,769.655382
306.533158,19,769.666152
298.448182,11,769.698763
224.44,24,769.72738
360.3,10,769.749445
254.448182,11,769.774472
368.31,7,769.78333
391.62,14,769.808323
329.96,12,769.837517
371.64,8,769.847326
354.99,3,769.855351
308.084545,11,769.873533
384.6,20,769.896957
339.585789,19,769.926892
352.97,9,769.934673
302.452857,7,769.95049
316.98,6,769.95049
364.98,6,769.96419
316.3,10,769.981571
358.32,4,769.981571
334.65,5,769.981571
342.448182,11,769.999881
368.31,7,769.999881
347.62,14,770.02796
361.65,5,770.03129
360.3,10,770.057858
384.96,12,770.074517
384.96,12,770.090962
384.96,12,770.114571
-1266.2,200,770.429944
398.28,16,770.448413
391.62,14,770.448413
351.572632,20,770.480942
372.366923,13,770.499139
339.78,16,770.518759
286.97,9,770.531698
348.33,1,770.531698
326.82,4,770.549272
354.65,9,770.559629
339.65,5,770.567789
361.65,5,770.59384
374.97,9,770.649169
346.31,7,770.680459
340.933529,19,770.714238
310.435714,7,770.726288
360.3,10,770.73756
351.66,2,770.739565
339.65,5,770.745584
286.97,9,770.75515
339.78,16,770.782412
280.46,12,770.797704
358.32,4,770.797704
390.94,18,770.831397
346.452857,7,770.846889
362.96,12,770.863131
358.32,4,770.870522
330.084545,11,770.888371
356.443846,13,770.904383
371.64,8,770.918104
352.97,9,770.935651
364.448182,11,770.955491
368.31,7,770.966246
340.98,6,770.983844
354.99,3,770.991902
315.63,11,771.016126
345.334286,14,771.044451
-1334.48,200,773.448678
324.595714,7,773.448678
354.99,3,773.461498
368.31,7,773.461498
307.65,5,773.490724
333.97,9,773.496047
351.66,2,773.496047
354.99,3,773.510411
336.32,4,773.510411
356.3,10,773.531883
355.97,9,773.550519
226.727647,17,773.571419
374.97,9,773.589726
327.64,8,773.594409
408.27,19,773.614872
351.66,2,773.624419
336.32,4,773.629597
351.96,12,773.645736
364.98,6,773.659574
326.004545,11,773.672405
361.65,5,773.678073
388.29,13,773.697523
290.3,10,773.728554
280.46,12,773.761946
237.62,14,773.785019
325.155,16,773.795579
348.33,1,773.808011
346.452857,7,773.812291
269.95,15,773.8484
347.266364,11,773.867107
374.97,9,773.87737
256.348947,21,773.90281
351.66,2,773.90281
345.334286,14,773.934504
312.443846,13,773.949703
269.634545,22,773.997342
347.266364,11,774.018618
299.3,12,774.045959
381.733846,26,774.102296
206.61,25,774.138952
330.97,9,774.154691
315.87,15,774.20216
332.191429,14,774.218198
368.31,7,774.244999
337.63,11,774.249935
368.31,7,774.265813
364.95,15,774.301971
334.65,5,774.310605
342.98,6,774.316627
334.65,5,774.320652
336.97,9,774.330616
334.3,10,774.348147
364.98,6,774.3567
253.1,44,774.417522
374.97,9,774.426375
364.98,6,774.435244
318.96,12,774.445005
367.059474,19,774.476651
324.452857,7,774.495698
340.98,6,774.509366
315.288696,24,774.53562
-588.72,200,774.848304
329.905714,14,774.858203
327.64,8,774.858203
391.62,14,774.893128
371.64,8,774.905614
331.14,8,774.905614
347.266364,11,774.937525
357.6,20,774.967353
361.65,5,774.97975
376.191429,14,774.985262
357.95,15,775.001386
361.65,5,775.001386
348.94,18,775.040616
258.286923,13,775.04844
296.98,6,775.064397
310.02,24,775.096203
378.3,10,775.098655
313.707143,21,775.142923
348.501429,21,775.160306
368.31,7,775.160306
339.17,24,775.191702
340.98,6,775.207668
329.39,8,775.209564
312.443846,13,775.225995
320.448182,11,775.241649
348.94,18,775.25961
359.63,11,775.281239
364.146364,23,775.309414
364.98,6,775.319185
371.64,8,775.325794
333.97,9,775.342703
358.32,4,775.342703
324.595714,7,775.365273
368.31,7,775.37327
311.97,9,775.388107
347.266364,11,775.392533
387.315882,17,775.42583
355.97,9,775.436798
346.31,7,775.442127
358.32,4,775.442127
334.65,5,775.442127
368.31,7,775.459216
356.57,5,775.468869
361.65,5,775.476026
351.66,2,775.476026
351.39,8,775.476026
351.66,2,775.476026
378.3,10,775.495857
339.655,16,775.51628
346.452857,7,775.531194
368.31,7,775.546422
336.32,4,775.552465
346.452857,7,775.566597
340.98,6,775.577757
324.595714,7,775.577757
361.65,5,775.577757
293.87,15,775.609851
324.94,18,775.639898
364.448182,11,775.648911
358.32,4,775.664022
316.98,8,775.672061
378.3,10,775.684428
326.781765,17,775.697697
358.32,4,775.708251
339.106364,11,775.708251
354.99,3,775.708251
342.448182,11,775.727168
189.81,109,775.879182
342.3,10,775.899975
339.816364,22,775.92379
355.97,9,775.936192
361.65,5,775.941746
310.405,16,775.979542
364.95,15,776.017166
355.97,9,776.037094
356.443846,13,776.066075
336.32,4,776.066075
388.29,13,776.082102
306.533158,19,776.10838
298.95,15,776.123972
358.32,4,776.130344
337.8,12,776.146126
391.62,14,776.162
229.78,16,776.177139
379.95,15,776.199501
-1226.24,200,777.525325
270.077143,14,777.542799
290.3,10,777.542799
333.97,9,777.56758
368.31,7,777.576294
358.32,4,777.580306
364.95,15,777.590664
356.22,10,777.60634
334.3,10,777.60634
268.463636,22,777.639915
364.448182,11,777.639915
324.595714,7,777.656585
334.3,10,777.673917
343.186364,11,777.677326
318.89,14,777.695836
-560.04,200,777.912336
354.99,3,777.92802
258.46,12,777.936044
368.31,7,777.950135
355.97,9,777.963645
376.28,16,777.975347
338.3,10,777.989759
328.533158,19,778.017615
334.95,15,778.033434
347.62,14,778.040427
368.46,12,778.06284
358.32,4,778.066847
336.32,4,778.072348
368.31,7,778.080797
333.106364,11,778.084545
368.46,12,778.100443
354.99,3,778.108439
344.433529,17,778.133095
323.014286,14,778.206448
388.29,13,778.240402
362.6,20,778.260017
301.14,12,778.285688
264.42,27,778.325624
333.97,9,778.345436
374.97,9,778.372438
190.211538,51,778.429261
314.32,4,778.442625
364.38,12,778.45632
349.64,8,778.46543
388.29,13,778.473113
288.191429,14,778.507809
-198.836471,68,778.64986
372.366923,13,778.691307
290.3,10,778.721512
302.82,6,778.740484
378.987273,22,778.772002
317.65,5,778.780842
361.65,5,778.784619
280.38,18,778.805396
-615.6,200,779.140992
336.32,4,779.140992
338.368182,11,779.151115
39.55,123,779.294697
361.65,5,779.30541
368.31,7,779.311985
359.63,11,779.32567
352.97,9,779.340825
320.515714,7,779.356475
310.94,18,779.37445
274.96,12,779.393147
324.597692,13,779.407392
371.64,8,779.417147
316.113529,17,779.440957
316.98,6,779.446974
346.452857,7,779.457921
361.65,5,779.465936
-582.6,200,779.688702
381.63,11,779.700324
298.448182,11,779.704816
368.31,7,779.721707
381.63,11,779.721707
342.3,10,779.740989
354.99,3,779.740989
355.97,9,779.754361
361.65,5,779.754361
326.82,4,779.767547
315.99,3,779.771691
374.97,9,779.783362
340.98,6,779.791853
346.45,17,779.8211
372.366923,13,779.846997
345.334286,14,779.879415
358.32,4,779.879415
340.98,6,779.898109
351.39,8,779.904129
333.97,9,779.92148
337.39,16,779.941218
351.66,2,779.956153
360.3,10,779.972878
360.3,10,779.972878
344.433529,17,779.989227
361.65,5,780.006934
332.9,6,780.006934
368.31,7,780.020249
348.94,18,780.020249
374.97,9,780.041307
306.366923,13,780.063805
358.32,4,780.067819
358.32,4,780.079336
205.926667,38,780.135464
355.97,9,780.14769
360.762857,14,780.156275
340.98,6,780.171119
371.64,8,780.173124
346.31,7,780.192196
371.64,8,780.204614
381.63,11,780.236899
265.335714,29,781.333055
-716.8,200,781.5361
310.191429,14,781.559169
368.31,7,781.565189
336.796316,19,781.601873
368.46,12,781.624982
394.95,15,781.643848
347.19,19,781.669801
-601.84,200,781.908823
363.69,25,781.947892
362.6,20,781.985515
345.334286,14,782.004837
378.3,10,782.024991
340.98,6,782.031026
307.96,12,782.044023
347.62,14,782.058879
254.598947,22,782.087348
332.99,3,782.091366
381.63,11,782.104304
268.46,18,782.124899
364.98,6,782.132437
287.14,8,782.14209
-527.36,200,782.363914
342.98,6,782.366649
251.787143,21,782.395309
333.97,9,782.406433
384.96,12,782.423126
332.99,3,782.424129
374.97,9,782.440002
349.95,15,782.454734
387.315882,17,782.470011
359.63,11,782.480055
317.46,16,782.49747
354.405,16,782.514474
276.3,10,782.525623
372.366923,13,782.535622
308.363846,13,782.551627
288.78,18,782.579967
351.66,2,782.582851
368.31,7,782.592464
286.52,24,782.624484
384.96,12,782.636981
354.191429,14,782.651989
381.63,11,782.651989
351.96,12,782.668253
374.97,9,782.685791
374.97,9,782.696421
388.29,13,782.703779
335.46,12,782.730148
376.191429,14,782.756591
298.95,15,782.793731
384.96,12,782.819517
336.32,4,782.831562
301.7,20,782.863458
381.63,11,782.879493
364.98,6,782.901327
368.31,7,782.920565
362.96,12,782.953683
320.98,6,782.957692
327.64,8,782.977561
359.63,11,782.989372
285.585714,14,783.005114
357.61,17,783.035556
398.28,16,783.068367
309.14,8,783.092348
347.266364,11,783.107754
376.191429,14,783.117879
331.14,8,783.117879
346.31,7,783.136348
294.762857,14,783.152011
354.99,3,783.158028
360.3,10,783.167967
381.63,11,783.167967
280.595714,7,783.185021
358.32,4,783.185021
342.864783,23,783.224077
215.848947,19,783.245538
318.94,18,783.268205
-581.52,200,783.50356
358.32,4,783.507567
244.28,16,783.523269
353.322632,19,783.534185
-1648.88,200,783.746017
351.66,2,783.748591
360.3,10,783.756994
354.99,3,783.756994
347.62,14,783.776808
300.662727,11,783.787677
250.762857,14,783.808347
368.31,7,783.811361
354.99,3,783.819487
281.62,14,783.841564
308.139412,17,783.86137
373.92,24,785.06671
368.31,7,785.083501
344.29,13,785.107087
339.65,5,785.116419
306.366923,13,785.138435
362.96,12,785.154454
360.762857,14,785.170218
348.33,1,785.170218
306.366923,13,785.184319
334.65,5,785.186068
327.64,8,785.186068
354.99,3,785.203879
333.97,9,785.217957
394.95,15,785.26212
-648.64,200,785.501606
346.46,12,785.511625
324.46,12,785.515554
337.63,11,785.536764
244.68,24,785.548781
368.31,7,785.568326
339.655,16,785.583026
298.448182,11,785.598969
308.139412,17,785.616096
358.727647,17,785.631859
381.63,11,785.64882
339.78,16,785.670917
276.448182,11,785.682583
346.31,7,785.682583
350.366923,13,785.699206
352.97,9,785.699206
369.937826,23,785.745968
354.99,3,785.74795
376.191429,14,785.765191
358.32,4,785.777395
298.448182,11,785.798678
346.452857,7,785.806578
358.32,4,785.80858
280.94,18,785.841681
374.97,9,785.855767
369.62,14,785.866972
334.443846,13,785.881693
344.433529,17,785.898841
384.6,20,785.919654
351.66,2,785.919654
323.139412,21,785.949205
361.65,5,785.949205
378.3,10,785.971918
340.98,6,785.977917
316.3,10,785.988714
351.66,2,785.9907
384.96,12,785.997824
315.979412,17,786.012369
358.727647,17,786.032764
318.848947,23,786.047926
355.97,9,786.059756
285.65,5,786.059756
342.372857,7,786.059756
-122.311395,43,786.121472
364.98,6,786.123477
350.366923,13,786.141568
368.31,7,786.150355
359.63,11,786.15554
381.63,11,786.171539
361.65,5,786.171539
-567.96,200,786.423979
334.3,10,786.44705
361.65,5,786.449476
274.38,20,786.477539
348.2,16,786.502315
365.896364,22,786.529075
268.95,15,786.563773
328.79,15,786.589367
335.46,12,786.598712
327.64,8,786.631729
358.32,4,786.645597
302.3,10,786.66483
364.98,6,786.688416
368.31,7,786.698543
361.65,5,786.714495
354.99,3,786.714495
371.64,8,786.731111
294.3,10,786.750822
328.366923,13,786.764861
-543.76,200,787.007414
178.18,30,787.038244
200.644286,45,787.07828
-558.839469,134,787.247572
35.460909,33,787.307444
351.66,2,787.311454
306.366923,13,787.331997
336.32,4,787.331997
316.98,8,787.349094
381.63,11,787.363836
346.452857,7,787.382285
358.32,4,787.382285
342.448182,11,787.401535
346.31,7,787.409551
361.655,16,787.418233
280.46,12,787.431005
367.059474,19,787.449347
374.97,9,787.464514
342.448182,11,787.47254
305.1,20,787.481659
346.31,7,787.499497
329.905714,14,787.516115
306.366923,13,787.529144
359.63,11,787.532653
342.448182,11,787.549347
340.96,12,787.575043
394.95,15,787.595718
351.39,8,787.602833
344.29,13,787.620048
330.084545,11,787.630111
384.96,12,787.649629
214.209565,30,788.901054
364.98,6,788.912749
340.98,6,788.922253
337.63,11,788.938962
345.334286,14,788.959546
329.89,9,788.968372
327.64,8,788.980884
372.86,18,788.99664
289.97,9,788.99664
368.31,7,789.014538
342.98,6,789.014538
340.98,6,789.029532
361.787143,21,789.051822
298.95,15,789.060449
339.65,5,789.060449
354.99,3,789.060449
383.655,16,789.099671
360.762857,14,789.130257
354.99,3,789.138283
358.32,4,789.150876
348.94,18,789.176336
394.95,15,789.195804
315.924545,11,789.207831
-1309.28,200,789.560918
374.97,9,789.579551
311.97,9,789.579551
333.97,9,789.601462
346.31,7,789.607473
361.65,5,789.616541
177.805652,23,789.630625
408.27,19,789.652467
361.65,5,789.670741
371.64,8,789.682834
284.86,18,789.71097
371.64,8,789.711586
334.65,5,789.729565
308.084545,11,789.729565
362.96,12,789.752705
360.762857,14,789.766251
381.63,11,789.778576
376.191429,14,789.794389
359.63,11,789.811315
358.32,4,789.811315
332.191429,14,789.82858
356.443846,13,789.84243
330.57,5,789.84243
91.632069,29,789.880215
361.65,5,789.884226
361.787143,21,789.901669
354.99,3,789.901669
368.31,7,789.917314
378.3,10,789.937146
317.22,12,789.952826
346.31,7,789.969015
372.366923,13,789.980518
360.3,10,789.980518
334.3,10,790.001815
394.95,15,790.012204
327.64,8,790.028
358.32,4,790.036579
288.191429,14,790.054759
340.98,6,790.063453
313.304545,29,790.091595
-585.52,200,790.328363
358.32,4,790.331115
349.64,8,790.336283
325.266364,11,790.352859
384.96,12,790.364403
-581.52,200,790.60084
334.65,5,790.60084
368.31,7,790.612269
294.98,6,790.620199
315.924545,11,790.634288
381.63,11,790.644185
314.47,11,790.653066
373.021765,17,790.692071
256.348947,21,790.731664
364.98,6,790.737672
346.452857,7,790.748986
374.97,9,790.756573
348.94,18,790.774502
371.64,8,790.786429
334.3,10,790.794147
378.3,10,790.805901
371.64,8,790.816686
280.7,18,790.852049
354.99,3,790.859858
342.3,10,790.88424
342.448182,11,790.915293
376.191429,14,790.949702
329.39,8,790.970046
294.3,10,790.992114
333.97,9,791.010976
364.98,6,791.019967
357.61,17,791.0531
364.95,15,791.099223
-580.88,200,791.418952
280.46,12,791.435556
378.3,10,791.451449
372.366923,13,791.462668
371.64,8,791.482445
351.66,2,791.482445
361.65,5,791.492934
290.443846,13,791.524157
340.98,6,791.531687
336.32,4,791.549651
362.96,12,791.582969
324.595714,7,791.595746
242.392857,31,791.643189
351.66,2,791.643189
337.63,11,791.651562
348.33,1,791.659704
353.322632,19,791.678529
361.65,5,791.682707
351.89,9,791.694548
369.03,16,791.732753
254.045714,28,791.761566
358.32,4,791.772617
334.94,18,791.798378
388.29,13,793.097496
336.32,4,793.10356
372.366923,13,793.121358
332.99,3,793.123408
354.99,3,793.131644
374.97,9,793.145125
368.31,7,793.156773
381.63,11,793.181596
342.448182,11,793.199741
381.733846,26,793.261576
280.31,7,793.281488
303.57,25,793.334802
361.65,5,793.343326
153.3,58,793.419372
-557.84,200,793.743168
356.443846,13,793.762961
359.63,11,793.77834
350.533158,19,793.803122
310.435714,7,793.813542
357.6,20,793.851368
292.97,9,793.865718
361.65,5,793.877009
360.762857,14,793.896128
-605.76,200,794.162867
351.96,12,794.181381
337.63,11,794.193476
368.31,7,794.20351
315.46,14,794.226534
328.533158,19,794.252959
384.96,12,794.270912
349.64,8,794.281578
364.448182,11,794.292571
362.96,12,794.326438
334.3,10,794.399063
378.3,10,794.422385
336.55,11,794.441652
368.31,7,794.463399
351.39,8,794.481652
320.448182,11,794.503557
331.14,8,794.513099
-807.52,200,794.812591
347.03,16,794.83588
358.32,4,794.843359
280.515,16,794.869349
359.63,11,794.881597
362.96,12,794.892955
-571.36,200,795.143226
289.97,9,795.154745
324.3,10,795.171249
289.97,9,795.182503
361.65,5,795.192176
381.63,11,795.213799
324.3,10,795.225533
361.65,5,795.23159
331.14,8,795.246943
368.31,7,795.253493
-1322.6,200,795.474651
374.97,9,795.482465
342.448182,11,795.497391
352.97,9,795.510699
352.97,9,795.519613
368.31,7,795.531333
336.861765,17,795.555477
345.334286,14,795.580659
332.191429,14,795.609362
374.97,9,795.627615
348.94,18,795.661527
371.64,8,795.675013
373.22,10,795.692592
284.638696,23,795.728544
333.97,9,795.740578
314.174545,12,795.75443
383.655,16,795.774467
360.762857,14,795.794232
364.98,6,795.801327
361.65,5,795.811415
368.31,7,795.81665
237.63,15,795.833333
314.32,4,795.84559
313.6,20,795.869379
309.14,8,795.877769
348.33,1,795.881487
361.65,5,795.881487
334.65,5,795.896423
360.3,10,795.912501
357.6,20,795.934504
364.98,6,795.943381
339.65,5,795.946531
299.315882,17,795.970461
329.96,12,795.988101
379.95,15,796.011702
353.322632,19,796.038893
368.31,7,796.049448
371.64,8,796.060745
345.334286,14,796.073169
354.405,16,796.092793
324.46,12,796.112749
354.99,3,796.117291
336.97,9,797.607382
374.97,9,797.626799
330.602857,14,797.655106
356.3,10,797.676093
332.99,3,797.684376
361.65,5,797.695243
361.65,5,797.709025
343.315882,17,797.742435
388.29,13,797.770702
351.66,2,797.771734
324.595714,7,797.787549
364.448182,11,797.814337
351.96,12,797.83836
373.021765,17,797.86878
364.95,15,797.896935
348.33,1,797.90144
376.191429,14,797.932071
358.32,4,797.945476
314.727647,17,797.98938
361.65,5,798.003378
336.97,9,798.029391
336.97,9,798.050514
381.63,11,798.071501
334.3,10,798.1005
347.266364,11,798.122524
358.32,4,798.138071
364.95,15,798.180463
367.02,20,798.226266
368.31,7,798.24638
356.443846,13,798.276489
355.97,9,798.292875
325.425789,19,798.326549
353.322632,19,798.370832
365.192308,26,798.412758
334.65,5,798.42272
338.3,10,798.441414
306.366923,13,798.463278
342.448182,11,798.48165
359.63,11,798.505621
381.63,11,798.52434
329.39,8,798.541575
378.3,10,798.563429
371.64,8,798.593109
339.585789,19,798.634387
215.448947,19,798.685979
334.65,5,798.701321
374.907273,22,798.754963
352.97,9,798.773333
346.452857,7,798.786244
372.17,25,798.831687
371.64,8,798.847674
384.96,12,798.871607
354.99,3,798.881723
208.78,18,798.924405
349.64,8,798.942422
298.98,6,798.958663
356.94,20,799.000615
368.31,7,799.015024
327.64,8,799.036784
348.33,1,799.039527
359.63,11,799.063292
361.65,5,799.071377
351.66,2,799.074141
361.65,5,799.086267
333.97,9,799.103953
330.97,9,799.122513
379.95,15,799.154696
330.6,20,799.220778
381.63,11,799.31127
384.96,12,799.341763
356.443846,13,799.376326
334.3,10,799.400639
320.3,10,799.416091
338.22,10,799.435255
350.95,15,799.462631
379.95,15,799.493888
336.32,4,799.502926
381.63,11,799.522912
381.63,11,799.541293
215.69,25,799.608006
383.655,16,799.640852
346.31,7,799.661453
-629.04,200,800.041699
278.02,24,800.090714
346.452857,7,800.104561
378.3,10,800.137497
264.65,25,800.19557
336.32,4,800.205933
378.3,10,800.222604
381.63,11,800.253176
-617.6,200,800.60581
334.65,5,800.615658
330.6,20,800.646979
339.655,16,800.681352
371.64,8,800.696963
339.655,16,800.721516
381.63,11,800.75052
324.46,12,800.772501
349.64,8,800.801645
306.366923,13,800.825917
322.74,4,800.835352
346.452857,7,800.846993
342.98,6,800.854059
339.65,5,800.870536
330.084545,11,800.887851
359.63,11,800.903952
358.32,4,800.914359
368.31,7,800.928214
373.22,10,800.946187
329.39,8,800.961654
314.273529,17,800.990578
352.97,9,801.010802
346.31,7,801.025402
286.822727,11,801.058502
236.286923,13,801.0859
374.97,9,801.101678
307.39,8,801.121627
360.3,10,801.151456
213.074615,37,801.221411
329.905714,14,801.245383
356.443846,13,801.271399
-588.8,200,801.602735
388.29,13,801.631635
288.1,20,801.666753
342.448182,11,801.690534
317.65,5,801.702502
358.32,4,801.702502
381.63,11,801.729392
317.714545,22,801.771572
-631.72,200,803.902035
381.63,11,803.929891
358.32,4,803.943317
340.6,20,804.006526
334.65,5,804.023901
280.31,7,804.045325
360.762857,14,804.077224
360.762857,14,804.120851
316.94,18,804.181211
334.65,5,804.198106
-557.84,200,804.738945
339.787143,21,804.782327
281.266364,11,804.798948
259.848947,19,804.842819
374.97,9,804.858687
376.191429,14,804.889788
371.64,8,804.913095
335.79,15,804.940925
351.96,12,804.966581
388.29,13,804.998092
351.66,2,804.998092
378.3,10,805.013854
256.496667,27,805.056295
356.443846,13,805.07072
361.65,5,805.07572
354.99,3,805.078542
280.46,12,805.087418
320.598947,22,805.130136
348.33,1,805.130136
336.32,4,805.130136
371.64,8,805.146509
388.29,13,805.176328
220.7,18,805.202386
-601.84,200,805.446157
327.64,8,805.46347
351.66,2,805.46347
341.81,9,805.479675
334.65,5,805.486095
381.63,11,805.496
345.334286,14,805.514909
394.95,15,805.526875
324.597692,13,805.548593
351.96,12,805.568274
308.82,6,805.573279
293.63,11,805.594589
394.95,15,805.61209
273.78,16,805.635671
327.06,8,805.643685
378.3,10,805.646298
295.655,16,805.681034
351.66,2,805.683044
350.325,16,805.699645
334.65,5,805.712165
364.448182,11,805.712165
346.452857,7,805.728156
342.448182,11,805.744055
362.96,12,805.759841
361.65,5,805.765627
351.66,2,805.765627
358.32,4,805.779621
376.191429,14,805.791535
354.99,3,805.791535
358.32,4,805.80768
253.95,15,805.82354
342.95,16,805.84811
371.64,8,805.85769
348.33,1,805.85769
-1342.88,200,806.145424
369.62,14,806.175821
332.99,3,806.181161
358.727647,17,806.201994
374.97,9,806.211738
388.29,13,806.24167
356.443846,13,806.258559
358.32,4,806.266117
344.433529,17,806.289556
378.3,10,806.303631
354.99,3,806.305636
329.66,2,806.305636
376.191429,14,806.33699
334.65,5,806.347062
334.3,10,806.364373
324.595714,7,806.371863
346.452857,7,806.378419
391.62,14,806.39455
320.3,10,806.416111
378.3,10,806.430057
375.87,15,806.446128
354.191429,14,806.462657
336.32,4,806.466092
384.96,12,806.483881
359.63,11,806.505976
381.63,11,806.513589
348.33,1,806.513589
346.46,12,806.532254
384.96,12,806.547637
388.29,13,806.562532
384.96,12,806.578883
326.82,4,806.584358
334.65,5,806.588364
301.15,27,806.632793
-604.64,200,806.881125
358.32,4,806.88345
312.357692,13,806.899394
300.845714,8,806.917494
339.65,5,806.931492
-1244.12,200,810.848806
351.66,2,810.857561
323.334286,14,810.885548
346.31,7,810.896307
330.139412,17,810.906219
371.64,8,810.924278
359.63,11,810.937631
384.96,12,810.937631
139.214286,60,811.046995
328.366923,13,811.073912
354.99,3,811.084578
-1439.24,200,811.422961
348.33,1,811.440223
347.266364,11,811.457561
372.366923,13,811.48375
314.32,4,811.492606
346.452857,7,811.492606
195.312105,19,811.525713
372.366923,13,811.540099
337.63,11,811.558391
346.94,18,811.575274
360.3,10,811.590099
354.99,3,811.590099
324.595714,7,811.607226
340.98,6,811.607226
180.17,46,811.656593
318.353529,17,811.68766
324.3,10,811.690085
351.66,2,811.690085
394.95,15,811.705905
358.32,4,811.721861
249.979412,17,811.739639
247.79,15,811.75846
332.99,3,811.75846
335.505789,19,811.787861
342.448182,11,811.787861
336.32,4,811.801597
368.31,7,811.808815
322.74,4,811.808815
345.334286,14,811.822417
346.452857,7,811.835422
342.98,6,811.846667
356.443846,13,811.852684
361.65,5,811.864443
310.995,16,811.901489
-601.2,200,812.146092
334.3,10,812.163862
324.452857,7,812.177397
-590.52,200,812.471223
334.3,10,812.482783
369.937826,23,812.505896
354.693846,14,812.522514
394.95,15,812.538693
330.97,9,812.544771
340.98,6,812.556404
379.95,15,812.578356
374.97,9,812.589683
307.96,12,812.605871
398.28,16,812.629833
374.97,9,812.639494
354.99,3,812.639494
351.66,2,812.639494
330.97,9,812.655523
376.94,18,812.672366
336.796316,19,812.705781
336.97,9,812.706389
394.95,15,812.730491
378.3,10,812.747725
364.448182,11,812.757113
364.98,6,812.768811
364.98,6,812.768811
320.49,5,812.768811
346.452857,7,812.789224
381.63,11,812.800193
342.98,6,812.805096
351.66,2,812.811032
360.762857,14,812.831889
360.3,10,812.847777
339.655,16,812.868995
222.798696,23,812.895882
381.63,11,812.905988
354.405,16,812.928086
361.65,5,812.938755
378.987273,22,812.972127
357.95,15,812.993932
348.33,1,812.995924
354.3,12,813.01805
270.74,6,813.020856
-1276.08,200,813.327167
371.64,8,813.339111
354.99,3,813.339111
348.33,1,813.339111
197.684545,11,813.354577
361.65,5,813.354577
330.97,9,813.371281
346.452857,7,813.388611
304.65,25,813.416954
376.28,16,813.432993
351.66,2,813.437369
336.97,9,813.439085
361.65,5,813.439085
336.97,9,813.455663
374.97,9,813.471162
263.905714,14,813.471162
378.3,10,813.491199
324.595714,7,813.491199
346.31,7,813.51158
356.3,10,814.589302
364.98,6,814.595319
369.03,16,814.613605
280.94,18,814.619285
320.517692,13,814.643642
314.47,11,814.653829
348.33,1,814.653829
361.65,5,814.673174
342.448182,11,814.673174
384.96,12,814.688072
391.62,14,814.706235
368.31,7,814.719812
340.98,6,814.719812
340.245,16,814.748519
374.97,9,814.753869
371.64,8,814.767751
356.443846,13,814.78145
351.66,2,814.783455
289.97,9,814.78715
293.63,11,814.799353
364.81,9,814.819378
354.99,3,814.819378
268.443846,13,814.840767
334.65,5,814.847417
361.65,5,814.847417
355.97,9,814.863424
368.31,7,814.871651
359.63,11,814.879276
364.98,6,814.879276
313.61,17,814.903977
358.32,4,814.903977
345.334286,14,814.911307
384.96,12,814.92678
334.65,5,814.92678
374.97,9,814.942887
-1102.68,200,815.153244
350.325,16,815.177519
351.66,2,815.181532
358.32,4,815.188792
390.94,18,815.208874
361.65,5,815.214627
381.63,11,815.22742
358.32,4,815.234456
351.66,2,815.238472
324.452857,7,815.246307
358.32,4,815.251705
351.66,2,815.257003
281.03,16,815.277742
354.191429,14,815.295586
354.99,3,815.295586
359.9,6,815.310775
378.3,10,815.325398
361.65,5,815.327408
334.3,10,815.342043
372.533158,19,815.37212
374.97,9,815.386473
340.98,6,815.392933
360.762857,14,815.409248
346.31,7,815.425967
368.31,7,815.436039
364.98,6,815.440999
339.78,16,815.457362
-1165.4,200,815.793778
352.97,9,815.815025
360.762857,14,815.845149
368.31,7,815.863312
315.1,24,815.915456
354.99,3,815.92115
298.448182,11,815.94421
368.31,7,815.955891
378.3,10,815.979264
318.96,12,816.008267
353.322632,19,816.043541
268.95,15,816.081273
357.6,20,816.123106
367.28,17,816.157461
325.266364,11,816.170213
340.98,6,816.187987
104.786216,41,816.239941
368.46,12,816.253943
391.62,14,816.279932
326.82,4,816.287268
360.762857,14,816.304313
378.3,10,816.318611
364.98,6,816.335153
-623.8,200,816.688017
313.61,17,816.718929
249.3,20,816.744953
354.99,3,816.749952
-1806.32,200,817.114877
330.084545,11,817.136539
335.46,12,817.144537
334.65,5,817.164834
361.65,5,817.175919
398.28,16,817.203055
362.96,12,817.220933
349.64,8,817.242961
308.86,18,817.267813
298.448182,11,817.281354
330.165,16,817.301457
361.65,5,817.301457
378.3,10,817.319392
340.98,6,817.319392
361.65,5,817.334199
340.98,6,817.334199
358.32,4,817.347715
357.95,15,817.363164
360.3,10,817.377145
327.95,15,817.395037
289.97,9,817.413661
347.03,16,817.442749
351.96,12,817.451646
332.191429,14,817.473838
361.65,5,817.484492
316.98,6,817.490143
340.98,6,817.490143
364.98,6,817.509545
361.65,5,817.517951
390.94,18,817.551945
330.97,9,817.581418
349.95,15,817.584828
339.65,5,817.600904
364.98,6,817.611152
334.65,5,817.622745
391.62,14,817.651003
347.266364,11,817.677785
351.39,8,817.685003
361.65,5,817.700883
368.31,7,817.716883
358.899474,19,818.879945
346.452857,7,818.881956
325.352857,17,818.913221
394.95,15,818.941402
276.38,12,818.963008
156.99,55,819.065804
351.66,2,819.065804
334.3,10,819.083334
357.95,15,819.109562
312.902727,11,819.129278
326.82,4,819.138982
340.98,6,819.14299
332.89,9,819.158752
364.448182,11,819.17554
-530.28,200,819.449866
270.9,6,819.449866
358.32,4,819.449866
309.14,8,819.465312
339.65,5,819.476359
378.3,10,819.488977
381.63,11,819.500971
334.3,10,819.50498
351.66,2,819.50498
339.65,5,819.515247
-580.36,200,819.781954
342.27,19,819.800668
384.96,12,819.81748
351.66,2,819.81748
378.3,10,819.831884
388.29,13,819.851323
358.32,4,819.858953
361.65,5,819.865434
-606.88,200,820.169193
285.905714,14,820.199987
401.61,17,820.224545
360.762857,14,820.248246
346.46,12,820.264816
363.23,7,820.266293
295.97,9,820.285302
360.762857,14,820.305081
368.31,7,820.31084
305.54,16,820.340711
376.94,18,820.372394
317.72,12,820.388985
351.66,2,820.388985
-597.28,200,820.664597
346.31,7,820.664597
305.64,9,820.687998
334.3,10,820.697873
361.65,5,820.697873
354.99,3,820.697873
318.98,6,820.697873
228.292609,27,820.732673
354.99,3,820.732673
358.32,4,820.732673
368.31,7,820.751265
342.95,15,820.761284
326.82,4,820.761284
338.94,18,820.789656
368.31,7,820.797854
374.97,9,820.816616
391.62,14,820.833446
368.31,7,820.839459
360.3,10,820.840461
358.32,4,820.840461
356.22,10,820.856599
360.762857,14,820.901951
-557.84,200,821.25346
339.65,5,821.255464
329.39,8,821.266375
368.46,12,821.280881
364.95,15,821.297202
358.32,4,821.297202
333.97,9,821.312442
345.334286,14,821.331048
378.3,10,821.331048
361.65,5,821.352919
384.96,12,821.363998
351.66,2,821.366007
334.65,5,821.366007
359.63,11,821.38648
346.452857,7,821.397057
359.63,11,821.409284
334.65,5,821.419482
323.46,16,821.440907
352.97,9,821.455473
374.97,9,821.47045
358.32,4,821.47445
384.6,20,821.495546
371.64,8,821.497494
334.65,5,821.512197
378.3,10,821.523992
351.96,12,821.534278
381.63,11,821.544037
-601.84,200,822.978909
346.31,7,822.988984
346.94,18,823.012731
351.66,2,823.012731
381.63,11,823.012731
198.01,35,823.067435
384.96,12,823.079761
369.937826,23,823.105883
333.97,9,823.116118
346.31,7,823.118124
-548.84,200,823.365512
381.63,11,823.380296
-1436.64,200,823.64785
355.97,9,823.664491
369.62,14,823.680382
268.443846,13,823.694926
350.325,16,823.719607
374.97,9,823.763916
340.98,6,823.789813
388.29,13,823.823448
334.3,10,823.827764
326.94,18,823.868633
351.39,8,823.880407
339.65,5,823.886462
334.3,10,823.894413
351.66,2,823.89805
384.6,20,823.919826
320.78,18,823.931867
355.97,9,823.931867
-949.84,200,824.144434
369.03,16,824.160949
309.14,8,824.160949
324.595714,7,824.181215
358.32,4,824.181215
336.97,9,824.193151
355.97,9,824.206702
361.65,5,824.211485
350.533158,19,824.246605
354.99,3,824.246605
354.3,12,824.267564
367.059474,19,824.28653
342.98,6,824.290866
355.97,9,824.302455
334.65,5,824.302455
374.97,9,824.316042
364.448182,11,824.328153
361.787143,21,824.350536
361.65,5,824.350536
374.441429,15,824.36664
324.31,7,824.38153
242.255789,22,824.414609
-1178.84,200,824.672783
308.363846,13,824.689051
381.63,11,824.707505
342.448182,11,824.731209
368.31,7,824.741227
374.97,9,824.762153
394.95,15,824.798741
358.32,4,824.802948
361.787143,21,824.831676
324.452857,7,824.844218
311.97,9,824.861269
346.452857,7,824.883907
352.97,9,824.899942
365.896364,22,824.931628
388.29,13,824.956834
368.46,12,824.962645
364.448182,11,824.981777
361.65,5,824.981777
362.96,12,824.994439
298.448182,11,825.010339
369.62,14,825.02885
374.97,9,825.02885
354.99,3,825.02885
302.46,12,825.054099
398.28,16,825.062743
342.448182,11,825.082181
346.94,18,825.102191
328.95,15,825.114375
353.322632,19,825.136883
-1119.2,200,825.464088
364.448182,11,825.466095
324.31,7,825.47822
354.99,3,825.482884
330.084545,11,825.49227
354.99,3,825.497341
336.32,4,825.509205
361.65,5,825.515764
282.82,6,825.536536
333.353529,21,825.58273
324.597692,13,825.615456
296.64,12,825.643561
372.366923,13,825.662441
332.203846,13,825.672459
326.82,4,825.677973
348.94,18,826.874213
351.66,2,826.874213
324.31,7,826.885
324.3,10,826.896005
340.98,6,826.896005
351.66,2,826.90269
359.63,11,826.914168
335.95,15,826.935384
342.98,6,826.942683
376.191429,14,826.958064
398.28,16,826.975291
351.96,12,826.985054
368.31,7,826.996119
344.29,13,827.008754
354.99,3,827.016078
264.86,20,827.029794
364.98,6,827.041106
367.059474,19,827.06147
373.92,24,827.085375
360.762857,14,827.103925
311.688947,19,827.12401
348.33,1,827.126333
298.448182,11,827.131966
369.03,16,827.154861
364.448182,11,827.157556
334.65,5,827.157556
339.65,5,827.176724
351.66,2,827.176724
254.598947,22,827.199839
324.3,10,827.208864
286.822727,11,827.220665
301.551176,17,827.237952
291.95,15,827.253211
285.65,5,827.257914
332.99,3,827.257914
332.99,3,827.257914
351.66,2,827.268403
277.745714,14,827.287568
334.65,5,827.296708
354.22,10,827.305708
324.3,10,827.31733
325.03,16,827.33331
384.96,12,827.345104
330.97,9,827.359683
351.66,2,827.361693
362.96,12,827.374366
354.99,3,827.37838
276.93,25,827.401688
360.3,10,827.415223
251.655,16,827.431581
336.727647,17,827.462142
340.98,6,827.470169
374.97,9,827.474713
324.595714,7,827.490909
342.95,15,827.513254
330.86,18,827.537702
342.98,6,827.545544
378.3,10,827.560368
358.32,4,827.564702
364.98,6,827.570711
366.29,13,827.58795
359.63,11,827.591132
355.97,9,827.607052
347.266364,11,827.630815
339.65,5,827.640131
294.98,6,827.64882
324.452857,7,827.66115
306.366923,13,827.675852
342.165,16,827.692032
-554.84,200,827.907781
353.87,15,827.918808
368.46,12,827.936351
376.191429,14,827.951999
346.941765,17,827.971267
361.65,5,827.978419
361.65,5,827.984504
340.98,6,827.991684
379.95,15,828.009331
384.96,12,828.013423
324.595714,7,828.029262
351.66,2,828.029262
234.342414,29,828.06762
378.3,10,828.076839
334.53,19,828.10001
350.95,15,828.115604
391.62,14,828.129429
342.3,10,828.140335
352.97,9,828.140335
376.191429,14,828.16169
354.99,3,828.16169
388.29,13,828.187031
362.031429,14,828.202434
374.97,9,828.210564
308.084545,11,828.227721
339.78,16,828.24889
318.96,12,828.265472
311.106364,11,828.278951
378.3,10,828.290872
331.14,8,828.299723
333.106364,11,828.314286
376.191429,14,828.332002
346.46,12,828.351933
364.448182,11,828.37008
349.64,8,828.382661
351.66,2,828.384663
342.98,6,828.392256
374.97,9,828.402272
340.98,6,828.409371
315.8,12,828.419387
342.38,12,828.424956
388.29,13,828.452552
336.97,9,828.461581
388.29,13,828.47521
320.448182,11,828.493017
-542.04,200,828.69221
358.32,4,828.698314
324.452857,7,828.707835
337.9,6,828.707835
373.92,24,828.744659
355.97,9,828.762258
362.96,12,828.773479
333.97,9,828.789663
351.39,8,828.800842
356.443846,13,828.843031
56.488378,39,828.94068
371.64,8,828.954486
365.896364,22,828.980926
324.31,7,828.993491
349.1,20,829.039189
288.191429,14,829.074843
346.31,7,829.086726
338.3,10,829.102294
294.22,10,829.117086
336.32,4,829.133385
356.443846,13,829.164895
359.63,11,829.185066
398.28,16,829.214967
374.97,9,829.232331
348.33,1,829.233203
368.31,7,829.249551
358.32,4,829.257736
351.39,8,829.273711
384.96,12,829.298854
364.448182,11,829.327402
368.31,7,829.341261
354.99,3,829.346062
376.191429,14,829.357809
359.63,11,829.37659
384.96,12,829.401856
371.64,8,829.414527
311.106364,11,829.429825
364.98,6,829.44096
381.63,11,829.464223
351.39,8,829.472333
329.021765,17,829.497552
156.0,56,830.816818
-981.28,200,831.071027
349.95,15,831.090091
361.655,16,831.118414
356.3,10,831.130934
354.693846,14,831.148428
358.32,4,831.156752
282.85,27,831.192042
280.595714,7,831.196054
350.366923,13,831.213975
352.97,9,831.235941
368.31,7,831.243196
346.46,12,831.279038
311.97,9,831.293053
361.65,5,831.307021
363.23,7,831.323643
368.31,7,831.345883
331.14,8,831.354872
352.97,9,831.355633
394.95,15,831.384439
317.97,9,831.409135
359.63,11,831.426554
320.98,6,831.434068
398.28,16,831.453079
360.762857,14,831.473244
274.96,12,831.493919
388.29,13,831.503752
358.32,4,831.52265
334.443846,13,831.548509
-597.28,200,831.814211
282.57,25,831.846095
338.3,10,831.87255
324.31,7,831.877757
391.62,14,831.903889
340.245,16,831.925717
351.66,2,831.925717
347.266364,11,831.950149
299.3,12,831.972974
-584.44,200,832.304033
351.66,2,832.310059
268.443846,13,832.342631
340.98,6,832.353209
293.924545,11,832.371624
342.3,10,832.38942
368.31,7,832.402569
388.29,13,832.424065
-57.138571,56,832.512736
354.99,3,832.514739
364.448182,11,832.540107
360.762857,14,832.57145
335.79,15,832.585244
388.29,13,832.614167
376.191429,14,832.632997
364.95,15,832.658466
-581.52,200,832.952885
354.99,3,832.962267
339.78,16,833.003503
336.273529,17,833.020282
360.762857,14,833.037697
360.3,10,833.051142
351.66,2,833.051142
374.97,9,833.051142
398.28,16,833.085737
360.3,10,833.098822
322.29,13,833.127569
361.65,5,833.136114
102.137805,69,833.219237
368.31,7,833.231149
334.65,5,833.23761
354.191429,14,833.275455
378.3,10,833.291891
241.03,18,833.312965
384.96,12,833.328783
307.39,8,833.334789
314.727647,17,833.364507
352.97,9,833.384189
335.46,12,833.406141
360.762857,14,833.422211
356.3,10,833.439609
376.191429,14,833.461591
354.99,3,833.471761
308.084545,11,833.471761
330.084545,11,833.492157
364.95,15,833.516331
349.64,8,833.521049
381.63,11,833.537343
294.98,6,833.556688
379.983846,27,833.601898
371.64,8,833.601898
354.99,3,833.617623
345.334286,14,833.637271
374.97,9,833.661074
340.98,6,833.666075
384.96,12,833.709156
359.63,11,833.762537
372.533158,19,833.816571
346.31,7,833.838757
334.65,5,833.851591
355.97,9,833.861614
351.66,2,833.863617
271.11,27,833.901991
-550.0,200,836.027065
374.97,9,836.045495
339.78,16,836.080554
368.46,12,836.115978
371.64,8,836.136799
280.46,12,836.163325
338.3,10,836.199734
332.11,19,836.25747
233.894286,26,836.32265
351.39,8,836.348022
381.63,11,836.386178
364.448182,11,836.415999
358.32,4,836.422019
354.191429,14,836.448864
268.95,15,836.502069
374.97,9,836.533654
351.39,8,836.556359
391.62,14,836.583308
351.39,8,836.596589
356.443846,13,836.632268
358.727647,17,836.651721
314.32,4,836.667654
-619.52,200,836.964658
321.095714,9,836.974287
368.31,7,836.980311
-1200.24,200,837.333704
337.8,12,837.359541
298.448182,11,837.37539
340.96,12,837.389199
338.94,18,837.412052
376.94,18,837.450469
362.96,12,837.464556
324.452857,7,837.475451
339.78,16,837.501807
349.64,8,837.514221
378.3,10,837.531632
374.97,9,837.531632
353.322632,19,837.564467
288.693846,14,837.582818
359.9,6,837.610341
371.64,8,837.625786
346.31,7,837.642553
390.94,18,837.682135
361.65,5,837.682135
-1409.56,200,838.040488
364.27,19,838.071738
384.96,12,838.08992
358.32,4,838.103929
268.95,15,838.119572
347.266364,11,838.130497
365.896364,22,838.151294
360.3,10,838.167023
354.99,3,838.167023
364.98,6,838.198281
340.98,6,838.237393
349.64,8,838.283393
353.322632,19,838.311124
349.64,8,838.337341
379.95,15,838.354469
330.084545,11,838.360068
348.33,1,838.37653
364.448182,11,838.398477
342.98,6,838.414627
263.905714,14,838.443905
361.65,5,838.457456
371.64,8,838.472928
316.94,18,838.508548
252.353529,17,838.528715
368.46,12,838.530838
398.28,16,838.549651
320.535517,29,838.600659
351.66,2,838.600659
374.97,9,838.628441
-581.52,200,838.981597
374.97,9,838.999219
247.77,21,839.035194
346.452857,7,839.050928
329.39,8,839.06708
394.95,15,839.096933
364.95,15,839.122409
368.94,18,839.168431
355.97,9,839.185563
277.73,9,839.201364
340.98,6,839.217182
369.62,14,839.258653
322.348947,21,839.299745
336.32,4,839.299745
381.63,11,839.329786
352.97,9,839.329786
264.6,20,839.371535
351.66,2,839.373538
342.95,15,839.390994
340.94,18,839.413044
332.99,3,839.413044
336.32,4,839.423115
364.98,6,839.433363
